25/02/2022 09:40:48, DPS310, P, 98990.84
25/02/2022 09:40:48, DPS310, P, 98990.17
25/02/2022 09:40:48, DPS310, P, 98990.06
25/02/2022 09:40:49, DPS310, P, 98990.29
25/02/2022 09:40:49, DPS310, P, 98989.96
25/02/2022 09:40:49, DPS310, P, 98989.82
25/02/2022 09:40:49, DPS310, P, 98989.62
25/02/2022 09:40:49, DPS310, P, 98989.92
25/02/2022 09:40:50, DPS310, P, 98989.78
25/02/2022 09:40:51, DPS310, P, 98989.92
25/02/2022 09:40:51, DPS310, P, 98989.85
25/02/2022 09:40:51, DPS310, P, 98990.14
25/02/2022 09:40:51, DPS310, P, 98989.96
25/02/2022 09:40:51, DPS310, P, 98989.64
25/02/2022 09:40:51, DPS310, P, 98988.89
25/02/2022 09:40:51, DPS310, P, 98989.24
25/02/2022 09:40:52, DPS310, P, 98989.39
25/02/2022 09:40:52, DPS310, P, 98989.64
25/02/2022 09:40:52, DPS310, P, 98989.64
25/02/2022 09:40:53, DPS310, P, 98989.92
25/02/2022 09:40:53, DPS310, P, 98989.72
25/02/2022 09:40:53, DPS310, P, 98989.99
25/02/2022 09:40:53, DPS310, P, 98989.57
25/02/2022 09:40:53, DPS310, P, 98989.89
25/02/2022 09:40:54, DPS310, P, 98990.01
25/02/2022 09:40:54, DPS310, P, 98989.62
25/02/2022 09:40:54, DPS310, P, 98989.50
25/02/2022 09:40:54, DPS310, P, 98989.42
25/02/2022 09:40:55, DPS310, P, 98989.49
25/02/2022 09:40:55, DPS310, P, 98989.74
25/02/2022 09:40:56, DPS310, P, 98989.41
25/02/2022 09:40:56, DPS310, P, 98989.78
25/02/2022 09:40:56, DPS310, P, 98989.68
25/02/2022 09:40:56, DPS310, P, 98989.85
25/02/2022 09:40:56, DPS310, P, 98989.97
25/02/2022 09:40:57, DPS310, P, 98989.60
25/02/2022 09:40:57, DPS310, P, 98990.18
25/02/2022 09:40:57, DPS310, P, 98990.41
25/02/2022 09:40:57, DPS310, P, 98990.33
25/02/2022 09:40:57, DPS310, P, 98990.74
25/02/2022 09:40:58, DPS310, P, 98990.81
25/02/2022 09:40:58, DPS310, P, 98990.71
25/02/2022 09:40:58, DPS310, P, 98990.98
25/02/2022 09:40:58, DPS310, P, 98990.58
25/02/2022 09:40:59, DPS310, P, 98990.51
25/02/2022 09:40:59, DPS310, P, 98990.76
25/02/2022 09:40:59, DPS310, P, 98990.21
25/02/2022 09:40:59, DPS310, P, 98990.51
25/02/2022 09:41:00, DPS310, P, 98990.57
25/02/2022 09:41:00, DPS310, P, 98990.32
25/02/2022 09:41:00, DPS310, P, 98990.58
25/02/2022 09:41:01, DPS310, P, 98990.46
25/02/2022 09:41:01, DPS310, P, 98990.69
25/02/2022 09:41:01, DPS310, P, 98990.40
25/02/2022 09:41:01, DPS310, P, 98990.86
25/02/2022 09:41:01, DPS310, P, 98990.73
25/02/2022 09:41:02, DPS310, P, 98990.84
25/02/2022 09:41:02, DPS310, P, 98991.45
25/02/2022 09:41:02, DPS310, P, 98991.46
25/02/2022 09:41:02, DPS310, P, 98991.60
25/02/2022 09:41:03, DPS310, P, 98991.28
25/02/2022 09:41:03, DPS310, P, 98991.24
25/02/2022 09:41:03, DPS310, P, 98991.38
25/02/2022 09:41:03, DPS310, P, 98991.19
25/02/2022 09:41:04, DPS310, P, 98991.32
25/02/2022 09:41:04, DPS310, P, 98991.19
25/02/2022 09:41:04, DPS310, P, 98991.32
25/02/2022 09:41:04, DPS310, P, 98991.52
25/02/2022 09:41:05, DPS310, P, 98991.28
25/02/2022 09:41:05, DPS310, P, 98991.68
25/02/2022 09:41:05, DPS310, P, 98991.61
25/02/2022 09:41:05, DPS310, P, 98991.78
25/02/2022 09:41:06, DPS310, P, 98991.67
25/02/2022 09:41:06, DPS310, P, 98991.90
25/02/2022 09:41:06, DPS310, P, 98991.92
25/02/2022 09:41:06, DPS310, P, 98991.79
25/02/2022 09:41:07, DPS310, P, 98991.94
25/02/2022 09:41:07, DPS310, P, 98991.99
25/02/2022 09:41:07, DPS310, P, 98992.43
25/02/2022 09:41:07, DPS310, P, 98992.07
25/02/2022 09:41:08, DPS310, P, 98992.11
25/02/2022 09:41:08, DPS310, P, 98991.97
25/02/2022 09:41:08, DPS310, P, 98992.06
25/02/2022 09:41:08, DPS310, P, 98992.55
25/02/2022 09:41:09, DPS310, P, 98992.21
25/02/2022 09:41:09, DPS310, P, 98992.12
25/02/2022 09:41:09, DPS310, P, 98992.00
25/02/2022 09:41:09, DPS310, P, 98992.23
25/02/2022 09:41:10, DPS310, P, 98992.74
25/02/2022 09:41:10, DPS310, P, 98992.32
25/02/2022 09:41:10, DPS310, P, 98992.30
25/02/2022 09:41:10, DPS310, P, 98992.34
25/02/2022 09:41:11, DPS310, P, 98992.44
25/02/2022 09:41:11, DPS310, P, 98992.45
25/02/2022 09:41:11, DPS310, P, 98992.12
25/02/2022 09:41:11, DPS310, P, 98992.40
25/02/2022 09:41:12, DPS310, P, 98992.53
25/02/2022 09:41:12, DPS310, P, 98992.52
25/02/2022 09:41:12, DPS310, P, 98992.15
25/02/2022 09:41:12, DPS310, P, 98992.10
25/02/2022 09:41:13, DPS310, P, 98992.27
25/02/2022 09:41:13, DPS310, P, 98992.32
25/02/2022 09:41:14, DPS310, P, 98992.43
25/02/2022 09:41:14, DPS310, P, 98992.44
25/02/2022 09:41:14, DPS310, P, 98992.26
25/02/2022 09:41:14, DPS310, P, 98991.99
25/02/2022 09:41:14, DPS310, P, 98992.37
25/02/2022 09:41:15, DPS310, P, 98992.64
25/02/2022 09:41:15, DPS310, P, 98992.42
25/02/2022 09:41:15, DPS310, P, 98992.22
25/02/2022 09:41:15, DPS310, P, 98992.15
25/02/2022 09:41:15, DPS310, P, 98991.93
25/02/2022 09:41:16, DPS310, P, 98992.21
25/02/2022 09:41:16, DPS310, P, 98992.53
25/02/2022 09:41:16, DPS310, P, 98992.07
25/02/2022 09:41:16, DPS310, P, 98992.30
25/02/2022 09:41:17, DPS310, P, 98992.69
25/02/2022 09:41:17, DPS310, P, 98992.47
25/02/2022 09:41:17, DPS310, P, 98992.55
25/02/2022 09:41:17, DPS310, P, 98992.54
25/02/2022 09:41:18, DPS310, P, 98992.59
25/02/2022 09:41:18, DPS310, P, 98992.39
25/02/2022 09:41:18, DPS310, P, 98992.43
25/02/2022 09:41:19, DPS310, P, 98992.33
25/02/2022 09:41:19, DPS310, P, 98992.32
25/02/2022 09:41:19, DPS310, P, 98992.64
25/02/2022 09:41:19, DPS310, P, 98992.67
25/02/2022 09:41:19, DPS310, P, 98993.02
25/02/2022 09:41:20, DPS310, P, 98993.10
25/02/2022 09:41:21, DPS310, P, 98992.63
25/02/2022 09:41:21, DPS310, P, 98992.92
25/02/2022 09:41:21, DPS310, P, 98992.58
25/02/2022 09:41:21, DPS310, P, 98992.76
25/02/2022 09:41:21, DPS310, P, 98992.89
25/02/2022 09:41:21, DPS310, P, 98993.03
25/02/2022 09:41:21, DPS310, P, 98992.57
25/02/2022 09:41:22, DPS310, P, 98992.21
25/02/2022 09:41:22, DPS310, P, 98992.25
25/02/2022 09:41:22, DPS310, P, 98991.99
25/02/2022 09:41:23, DPS310, P, 98991.85
25/02/2022 09:41:23, DPS310, P, 98992.28
25/02/2022 09:41:23, DPS310, P, 98991.87
25/02/2022 09:41:23, DPS310, P, 98992.26
25/02/2022 09:41:23, DPS310, P, 98992.05
25/02/2022 09:41:24, DPS310, P, 98992.07
25/02/2022 09:41:24, DPS310, P, 98992.32
25/02/2022 09:41:24, DPS310, P, 98991.93
25/02/2022 09:41:24, DPS310, P, 98991.85
25/02/2022 09:41:25, DPS310, P, 98991.79
25/02/2022 09:41:25, DPS310, P, 98992.21
25/02/2022 09:41:26, DPS310, P, 98991.82
25/02/2022 09:41:26, DPS310, P, 98992.09
25/02/2022 09:41:26, DPS310, P, 98992.12
25/02/2022 09:41:26, DPS310, P, 98991.50
25/02/2022 09:41:26, DPS310, P, 98991.92
25/02/2022 09:41:27, DPS310, P, 98991.89
25/02/2022 09:41:27, DPS310, P, 98992.26
25/02/2022 09:41:27, DPS310, P, 98992.03
25/02/2022 09:41:27, DPS310, P, 98992.07
25/02/2022 09:41:27, DPS310, P, 98991.96
25/02/2022 09:41:28, DPS310, P, 98991.89
25/02/2022 09:41:28, DPS310, P, 98992.21
25/02/2022 09:41:28, DPS310, P, 98992.21
25/02/2022 09:41:28, DPS310, P, 98991.69
25/02/2022 09:41:29, DPS310, P, 98991.64
25/02/2022 09:41:29, DPS310, P, 98991.35
25/02/2022 09:41:29, DPS310, P, 98991.75
25/02/2022 09:41:29, DPS310, P, 98991.59
25/02/2022 09:41:30, DPS310, P, 98991.45
25/02/2022 09:41:30, DPS310, P, 98991.50
25/02/2022 09:41:30, DPS310, P, 98991.21
25/02/2022 09:41:31, DPS310, P, 98991.45
25/02/2022 09:41:31, DPS310, P, 98991.29
25/02/2022 09:41:31, DPS310, P, 98990.99
25/02/2022 09:41:31, DPS310, P, 98991.61
25/02/2022 09:41:31, DPS310, P, 98991.69
25/02/2022 09:41:32, DPS310, P, 98991.71
25/02/2022 09:41:32, DPS310, P, 98991.35
25/02/2022 09:41:32, DPS310, P, 98991.50
25/02/2022 09:41:32, DPS310, P, 98990.94
25/02/2022 09:41:33, DPS310, P, 98991.42
25/02/2022 09:41:33, DPS310, P, 98991.03
25/02/2022 09:41:33, DPS310, P, 98991.39
25/02/2022 09:41:33, DPS310, P, 98990.91
25/02/2022 09:41:34, DPS310, P, 98991.46
25/02/2022 09:41:34, DPS310, P, 98991.12
25/02/2022 09:41:34, DPS310, P, 98991.32
25/02/2022 09:41:34, DPS310, P, 98991.51
25/02/2022 09:41:35, DPS310, P, 98991.97
25/02/2022 09:41:35, DPS310, P, 98991.73
25/02/2022 09:41:35, DPS310, P, 98992.04
25/02/2022 09:41:35, DPS310, P, 98992.20
25/02/2022 09:41:36, DPS310, P, 98992.39
25/02/2022 09:41:36, DPS310, P, 98992.44
25/02/2022 09:41:36, DPS310, P, 98992.65
25/02/2022 09:41:36, DPS310, P, 98992.74
25/02/2022 09:41:37, DPS310, P, 98992.88
25/02/2022 09:41:37, DPS310, P, 98992.58
25/02/2022 09:41:37, DPS310, P, 98992.69
25/02/2022 09:41:37, DPS310, P, 98992.41
25/02/2022 09:41:38, DPS310, P, 98992.50
25/02/2022 09:41:38, DPS310, P, 98992.58
25/02/2022 09:41:38, DPS310, P, 98992.72
25/02/2022 09:41:38, DPS310, P, 98992.92
25/02/2022 09:41:39, DPS310, P, 98992.75
25/02/2022 09:41:39, DPS310, P, 98992.44
25/02/2022 09:41:39, DPS310, P, 98993.14
25/02/2022 09:41:39, DPS310, P, 98993.10
25/02/2022 09:41:40, DPS310, P, 98992.54
25/02/2022 09:41:40, DPS310, P, 98992.62
25/02/2022 09:41:40, DPS310, P, 98992.70
25/02/2022 09:41:40, DPS310, P, 98992.92
25/02/2022 09:41:41, DPS310, P, 98992.87
25/02/2022 09:41:41, DPS310, P, 98993.09
25/02/2022 09:41:41, DPS310, P, 98992.88
25/02/2022 09:41:41, DPS310, P, 98993.02
25/02/2022 09:41:42, DPS310, P, 98993.35
25/02/2022 09:41:42, DPS310, P, 98993.27
25/02/2022 09:41:42, DPS310, P, 98993.16
25/02/2022 09:41:42, DPS310, P, 98993.20
25/02/2022 09:41:43, DPS310, P, 98993.21
25/02/2022 09:41:43, DPS310, P, 98993.48
25/02/2022 09:41:43, DPS310, P, 98993.32
25/02/2022 09:41:43, DPS310, P, 98993.72
25/02/2022 09:41:44, DPS310, P, 98993.62
25/02/2022 09:41:44, DPS310, P, 98993.46
25/02/2022 09:41:44, DPS310, P, 98993.74
25/02/2022 09:41:45, DPS310, P, 98993.35
25/02/2022 09:41:45, DPS310, P, 98993.69
25/02/2022 09:41:45, DPS310, P, 98993.69
25/02/2022 09:41:45, DPS310, P, 98993.75
25/02/2022 09:41:45, DPS310, P, 98993.64
25/02/2022 09:41:46, DPS310, P, 98993.68
25/02/2022 09:41:46, DPS310, P, 98993.62
25/02/2022 09:41:46, DPS310, P, 98993.61
25/02/2022 09:41:46, DPS310, P, 98993.29
25/02/2022 09:41:47, DPS310, P, 98993.51
25/02/2022 09:41:47, DPS310, P, 98993.71
25/02/2022 09:41:47, DPS310, P, 98993.87
25/02/2022 09:41:47, DPS310, P, 98993.89
25/02/2022 09:41:48, DPS310, P, 98994.26
25/02/2022 09:41:48, DPS310, P, 98994.33
25/02/2022 09:41:48, DPS310, P, 98993.89
25/02/2022 09:41:49, DPS310, P, 98994.38
25/02/2022 09:41:49, DPS310, P, 98994.11
25/02/2022 09:41:49, DPS310, P, 98994.30
25/02/2022 09:41:49, DPS310, P, 98994.34
25/02/2022 09:41:49, DPS310, P, 98993.99
25/02/2022 09:41:50, DPS310, P, 98994.13
25/02/2022 09:41:51, DPS310, P, 98994.38
25/02/2022 09:41:51, DPS310, P, 98994.39
25/02/2022 09:41:51, DPS310, P, 98994.26
25/02/2022 09:41:51, DPS310, P, 98994.35
25/02/2022 09:41:51, DPS310, P, 98993.99
25/02/2022 09:41:51, DPS310, P, 98994.36
25/02/2022 09:41:51, DPS310, P, 98993.91
25/02/2022 09:41:52, DPS310, P, 98994.10
25/02/2022 09:41:52, DPS310, P, 98993.82
25/02/2022 09:41:52, DPS310, P, 98993.28
25/02/2022 09:41:53, DPS310, P, 98993.36
25/02/2022 09:41:53, DPS310, P, 98992.95
25/02/2022 09:41:53, DPS310, P, 98992.74
25/02/2022 09:41:53, DPS310, P, 98993.35
25/02/2022 09:41:53, DPS310, P, 98993.07
25/02/2022 09:41:54, DPS310, P, 98993.22
25/02/2022 09:41:54, DPS310, P, 98993.32
25/02/2022 09:41:54, DPS310, P, 98993.10
25/02/2022 09:41:54, DPS310, P, 98993.42
25/02/2022 09:41:55, DPS310, P, 98993.32
25/02/2022 09:41:55, DPS310, P, 98993.22
25/02/2022 09:41:56, DPS310, P, 98993.10
25/02/2022 09:41:56, DPS310, P, 98993.10
25/02/2022 09:41:56, DPS310, P, 98993.24
25/02/2022 09:41:56, DPS310, P, 98992.76
25/02/2022 09:41:56, DPS310, P, 98992.73
25/02/2022 09:41:57, DPS310, P, 98992.78
25/02/2022 09:41:57, DPS310, P, 98993.10
25/02/2022 09:41:57, DPS310, P, 98992.92
25/02/2022 09:41:57, DPS310, P, 98992.62
25/02/2022 09:41:57, DPS310, P, 98992.77
25/02/2022 09:41:58, DPS310, P, 98992.71
25/02/2022 09:41:58, DPS310, P, 98992.50
25/02/2022 09:41:58, DPS310, P, 98992.77
25/02/2022 09:41:58, DPS310, P, 98993.10
25/02/2022 09:41:59, DPS310, P, 98993.00
25/02/2022 09:41:59, DPS310, P, 98992.63
25/02/2022 09:41:59, DPS310, P, 98992.60
25/02/2022 09:41:59, DPS310, P, 98992.90
25/02/2022 09:42:00, DPS310, P, 98992.82
25/02/2022 09:42:00, DPS310, P, 98992.99
25/02/2022 09:42:00, DPS310, P, 98993.11
25/02/2022 09:42:01, DPS310, P, 98992.93
25/02/2022 09:42:01, DPS310, P, 98992.81
25/02/2022 09:42:01, DPS310, P, 98992.93
25/02/2022 09:42:01, DPS310, P, 98992.63
25/02/2022 09:42:01, DPS310, P, 98992.78
25/02/2022 09:42:02, DPS310, P, 98992.92
25/02/2022 09:42:02, DPS310, P, 98992.79
25/02/2022 09:42:02, DPS310, P, 98993.25
25/02/2022 09:42:02, DPS310, P, 98992.90
25/02/2022 09:42:03, DPS310, P, 98992.32
25/02/2022 09:42:03, DPS310, P, 98992.89
25/02/2022 09:42:03, DPS310, P, 98993.21
25/02/2022 09:42:03, DPS310, P, 98992.75
25/02/2022 09:42:04, DPS310, P, 98992.81
25/02/2022 09:42:04, DPS310, P, 98993.07
25/02/2022 09:42:04, DPS310, P, 98992.62
25/02/2022 09:42:04, DPS310, P, 98992.74
25/02/2022 09:42:05, DPS310, P, 98992.34
25/02/2022 09:42:05, DPS310, P, 98992.49
25/02/2022 09:42:05, DPS310, P, 98992.43
25/02/2022 09:42:05, DPS310, P, 98992.59
25/02/2022 09:42:06, DPS310, P, 98992.63
25/02/2022 09:42:06, DPS310, P, 98992.50
25/02/2022 09:42:06, DPS310, P, 98992.28
25/02/2022 09:42:06, DPS310, P, 98992.48
25/02/2022 09:42:07, DPS310, P, 98992.82
25/02/2022 09:42:07, DPS310, P, 98992.87
25/02/2022 09:42:07, DPS310, P, 98992.52
25/02/2022 09:42:07, DPS310, P, 98992.74
25/02/2022 09:42:08, DPS310, P, 98993.00
25/02/2022 09:42:08, DPS310, P, 98992.75
25/02/2022 09:42:08, DPS310, P, 98992.64
25/02/2022 09:42:08, DPS310, P, 98992.53
25/02/2022 09:42:09, DPS310, P, 98992.57
25/02/2022 09:42:09, DPS310, P, 98992.96
25/02/2022 09:42:10, DPS310, P, 98993.00
25/02/2022 09:42:10, DPS310, P, 98992.82
25/02/2022 09:42:10, DPS310, P, 98993.39
25/02/2022 09:42:10, DPS310, P, 98992.67
25/02/2022 09:42:10, DPS310, P, 98992.96
25/02/2022 09:42:10, DPS310, P, 98993.03
25/02/2022 09:42:11, DPS310, P, 98993.27
25/02/2022 09:42:11, DPS310, P, 98993.50
25/02/2022 09:42:11, DPS310, P, 98992.89
25/02/2022 09:42:11, DPS310, P, 98993.05
25/02/2022 09:42:12, DPS310, P, 98992.96
25/02/2022 09:42:12, DPS310, P, 98993.50
25/02/2022 09:42:12, DPS310, P, 98993.60
25/02/2022 09:42:12, DPS310, P, 98993.36
25/02/2022 09:42:13, DPS310, P, 98993.49
25/02/2022 09:42:13, DPS310, P, 98993.45
25/02/2022 09:42:14, DPS310, P, 98993.47
25/02/2022 09:42:14, DPS310, P, 98993.48
25/02/2022 09:42:14, DPS310, P, 98993.43
25/02/2022 09:42:14, DPS310, P, 98993.32
25/02/2022 09:42:14, DPS310, P, 98993.25
25/02/2022 09:42:15, DPS310, P, 98993.37
25/02/2022 09:42:15, DPS310, P, 98993.76
25/02/2022 09:42:15, DPS310, P, 98993.07
25/02/2022 09:42:15, DPS310, P, 98993.42
25/02/2022 09:42:15, DPS310, P, 98993.41
25/02/2022 09:42:16, DPS310, P, 98993.55
25/02/2022 09:42:16, DPS310, P, 98993.64
25/02/2022 09:42:16, DPS310, P, 98994.07
25/02/2022 09:42:16, DPS310, P, 98994.35
25/02/2022 09:42:17, DPS310, P, 98994.28
25/02/2022 09:42:17, DPS310, P, 98993.91
25/02/2022 09:42:18, DPS310, P, 98994.54
25/02/2022 09:42:18, DPS310, P, 98994.54
25/02/2022 09:42:18, DPS310, P, 98994.21
25/02/2022 09:42:18, DPS310, P, 98994.42
25/02/2022 09:42:18, DPS310, P, 98994.09
25/02/2022 09:42:19, DPS310, P, 98994.17
25/02/2022 09:42:19, DPS310, P, 98994.47
25/02/2022 09:42:19, DPS310, P, 98994.21
25/02/2022 09:42:19, DPS310, P, 98994.02
25/02/2022 09:42:19, DPS310, P, 98994.49
25/02/2022 09:42:20, DPS310, P, 98994.39
25/02/2022 09:42:21, DPS310, P, 98994.47
25/02/2022 09:42:21, DPS310, P, 98994.39
25/02/2022 09:42:21, DPS310, P, 98994.41
25/02/2022 09:42:21, DPS310, P, 98994.42
25/02/2022 09:42:21, DPS310, P, 98994.39
25/02/2022 09:42:21, DPS310, P, 98994.42
25/02/2022 09:42:21, DPS310, P, 98994.28
25/02/2022 09:42:22, DPS310, P, 98994.17
25/02/2022 09:42:22, DPS310, P, 98994.10
25/02/2022 09:42:22, DPS310, P, 98993.78
25/02/2022 09:42:23, DPS310, P, 98993.70
25/02/2022 09:42:23, DPS310, P, 98993.55
25/02/2022 09:42:23, DPS310, P, 98993.85
25/02/2022 09:42:23, DPS310, P, 98993.59
25/02/2022 09:42:23, DPS310, P, 98994.25
25/02/2022 09:42:24, DPS310, P, 98994.39
25/02/2022 09:42:24, DPS310, P, 98994.07
25/02/2022 09:42:24, DPS310, P, 98993.98
25/02/2022 09:42:24, DPS310, P, 98994.39
25/02/2022 09:42:25, DPS310, P, 98994.12
25/02/2022 09:42:25, DPS310, P, 98994.03
25/02/2022 09:42:26, DPS310, P, 98993.48
25/02/2022 09:42:26, DPS310, P, 98993.70
25/02/2022 09:42:26, DPS310, P, 98993.84
25/02/2022 09:42:26, DPS310, P, 98994.32
25/02/2022 09:42:26, DPS310, P, 98994.10
25/02/2022 09:42:27, DPS310, P, 98993.92
25/02/2022 09:42:27, DPS310, P, 98993.51
25/02/2022 09:42:27, DPS310, P, 98993.43
25/02/2022 09:42:27, DPS310, P, 98992.97
25/02/2022 09:42:27, DPS310, P, 98993.23
25/02/2022 09:42:28, DPS310, P, 98993.13
25/02/2022 09:42:28, DPS310, P, 98993.36
25/02/2022 09:42:28, DPS310, P, 98993.44
25/02/2022 09:42:28, DPS310, P, 98993.34
25/02/2022 09:42:29, DPS310, P, 98992.87
25/02/2022 09:42:29, DPS310, P, 98992.67
25/02/2022 09:42:29, DPS310, P, 98992.72
25/02/2022 09:42:29, DPS310, P, 98992.64
25/02/2022 09:42:30, DPS310, P, 98992.71
25/02/2022 09:42:30, DPS310, P, 98992.57
25/02/2022 09:42:30, DPS310, P, 98992.82
25/02/2022 09:42:31, DPS310, P, 98992.78
25/02/2022 09:42:31, DPS310, P, 98992.37
25/02/2022 09:42:31, DPS310, P, 98992.80
25/02/2022 09:42:31, DPS310, P, 98992.82
25/02/2022 09:42:31, DPS310, P, 98992.78
25/02/2022 09:42:32, DPS310, P, 98992.96
25/02/2022 09:42:32, DPS310, P, 98993.08
25/02/2022 09:42:32, DPS310, P, 98993.00
25/02/2022 09:42:32, DPS310, P, 98992.89
25/02/2022 09:42:33, DPS310, P, 98993.00
25/02/2022 09:42:33, DPS310, P, 98992.72
25/02/2022 09:42:33, DPS310, P, 98993.01
25/02/2022 09:42:33, DPS310, P, 98992.93
25/02/2022 09:42:34, DPS310, P, 98993.01
25/02/2022 09:42:34, DPS310, P, 98992.98
25/02/2022 09:42:34, DPS310, P, 98993.14
25/02/2022 09:42:34, DPS310, P, 98993.14
25/02/2022 09:42:35, DPS310, P, 98992.96
25/02/2022 09:42:35, DPS310, P, 98992.90
25/02/2022 09:42:35, DPS310, P, 98993.30
25/02/2022 09:42:35, DPS310, P, 98993.00
25/02/2022 09:42:36, DPS310, P, 98993.22
25/02/2022 09:42:36, DPS310, P, 98993.46
25/02/2022 09:42:36, DPS310, P, 98993.18
25/02/2022 09:42:36, DPS310, P, 98993.15
25/02/2022 09:42:37, DPS310, P, 98993.31
25/02/2022 09:42:37, DPS310, P, 98993.78
25/02/2022 09:42:37, DPS310, P, 98993.77
25/02/2022 09:42:37, DPS310, P, 98993.71
25/02/2022 09:42:38, DPS310, P, 98993.64
25/02/2022 09:42:38, DPS310, P, 98993.71
25/02/2022 09:42:38, DPS310, P, 98993.95
25/02/2022 09:42:38, DPS310, P, 98993.91
25/02/2022 09:42:39, DPS310, P, 98993.81
25/02/2022 09:42:39, DPS310, P, 98994.39
25/02/2022 09:42:39, DPS310, P, 98994.13
25/02/2022 09:42:39, DPS310, P, 98993.94
25/02/2022 09:42:40, DPS310, P, 98994.40
25/02/2022 09:42:40, DPS310, P, 98994.18
25/02/2022 09:42:40, DPS310, P, 98994.28
25/02/2022 09:42:40, DPS310, P, 98994.50
25/02/2022 09:42:41, DPS310, P, 98994.33
25/02/2022 09:42:41, DPS310, P, 98994.34
25/02/2022 09:42:41, DPS310, P, 98994.58
25/02/2022 09:42:41, DPS310, P, 98994.61
25/02/2022 09:42:42, DPS310, P, 98994.60
25/02/2022 09:42:42, DPS310, P, 98994.37
25/02/2022 09:42:42, DPS310, P, 98994.22
25/02/2022 09:42:42, DPS310, P, 98994.60
25/02/2022 09:42:43, DPS310, P, 98994.57
25/02/2022 09:42:43, DPS310, P, 98994.18
25/02/2022 09:42:43, DPS310, P, 98994.25
25/02/2022 09:42:43, DPS310, P, 98993.89
25/02/2022 09:42:44, DPS310, P, 98994.39
25/02/2022 09:42:44, DPS310, P, 98993.82
25/02/2022 09:42:44, DPS310, P, 98994.17
25/02/2022 09:42:45, DPS310, P, 98994.04
25/02/2022 09:42:45, DPS310, P, 98994.28
25/02/2022 09:42:45, DPS310, P, 98993.91
25/02/2022 09:42:45, DPS310, P, 98993.95
25/02/2022 09:42:45, DPS310, P, 98993.71
25/02/2022 09:42:46, DPS310, P, 98993.85
25/02/2022 09:42:46, DPS310, P, 98993.81
25/02/2022 09:42:46, DPS310, P, 98993.63
25/02/2022 09:42:46, DPS310, P, 98993.71
25/02/2022 09:42:47, DPS310, P, 98993.73
25/02/2022 09:42:47, DPS310, P, 98993.91
25/02/2022 09:42:47, DPS310, P, 98993.89
25/02/2022 09:42:47, DPS310, P, 98993.93
25/02/2022 09:42:48, DPS310, P, 98993.92
25/02/2022 09:42:48, DPS310, P, 98994.06
25/02/2022 09:42:48, DPS310, P, 98994.28
25/02/2022 09:42:49, DPS310, P, 98994.50
25/02/2022 09:42:49, DPS310, P, 98993.97
25/02/2022 09:42:49, DPS310, P, 98993.85
25/02/2022 09:42:49, DPS310, P, 98993.66
25/02/2022 09:42:49, DPS310, P, 98993.99
25/02/2022 09:42:50, DPS310, P, 98993.59
25/02/2022 09:42:51, DPS310, P, 98993.81
25/02/2022 09:42:51, DPS310, P, 98993.92
25/02/2022 09:42:51, DPS310, P, 98993.96
25/02/2022 09:42:51, DPS310, P, 98993.94
25/02/2022 09:42:51, DPS310, P, 98993.69
25/02/2022 09:42:51, DPS310, P, 98993.73
25/02/2022 09:42:51, DPS310, P, 98993.72
25/02/2022 09:42:52, DPS310, P, 98993.42
25/02/2022 09:42:52, DPS310, P, 98994.01
25/02/2022 09:42:52, DPS310, P, 98994.33
25/02/2022 09:42:53, DPS310, P, 98994.14
25/02/2022 09:42:53, DPS310, P, 98993.66
25/02/2022 09:42:53, DPS310, P, 98993.86
25/02/2022 09:42:53, DPS310, P, 98993.49
25/02/2022 09:42:53, DPS310, P, 98993.69
25/02/2022 09:42:54, DPS310, P, 98993.28
25/02/2022 09:42:54, DPS310, P, 98993.86
25/02/2022 09:42:54, DPS310, P, 98993.75
25/02/2022 09:42:54, DPS310, P, 98993.74
25/02/2022 09:42:55, DPS310, P, 98993.60
25/02/2022 09:42:55, DPS310, P, 98993.75
25/02/2022 09:42:56, DPS310, P, 98993.87
25/02/2022 09:42:56, DPS310, P, 98993.75
25/02/2022 09:42:56, DPS310, P, 98994.03
25/02/2022 09:42:56, DPS310, P, 98993.94
25/02/2022 09:42:56, DPS310, P, 98994.32
25/02/2022 09:42:57, DPS310, P, 98994.44
25/02/2022 09:42:57, DPS310, P, 98994.79
25/02/2022 09:42:57, DPS310, P, 98994.55
25/02/2022 09:42:57, DPS310, P, 98994.95
25/02/2022 09:42:57, DPS310, P, 98994.43
25/02/2022 09:42:58, DPS310, P, 98994.75
25/02/2022 09:42:58, DPS310, P, 98994.51
25/02/2022 09:42:58, DPS310, P, 98994.94
25/02/2022 09:42:58, DPS310, P, 98994.49
25/02/2022 09:42:59, DPS310, P, 98995.07
25/02/2022 09:42:59, DPS310, P, 98995.08
25/02/2022 09:42:59, DPS310, P, 98995.42
25/02/2022 09:42:59, DPS310, P, 98995.36
25/02/2022 09:43:00, DPS310, P, 98995.60
25/02/2022 09:43:00, DPS310, P, 98995.85
25/02/2022 09:43:00, DPS310, P, 98995.53
25/02/2022 09:43:01, DPS310, P, 98995.60
25/02/2022 09:43:01, DPS310, P, 98995.71
25/02/2022 09:43:01, DPS310, P, 98995.66
25/02/2022 09:43:01, DPS310, P, 98995.89
25/02/2022 09:43:01, DPS310, P, 98995.59
25/02/2022 09:43:02, DPS310, P, 98995.87
25/02/2022 09:43:02, DPS310, P, 98996.07
25/02/2022 09:43:02, DPS310, P, 98996.34
25/02/2022 09:43:02, DPS310, P, 98996.53
25/02/2022 09:43:03, DPS310, P, 98996.10
25/02/2022 09:43:03, DPS310, P, 98996.12
25/02/2022 09:43:03, DPS310, P, 98996.28
25/02/2022 09:43:03, DPS310, P, 98996.15
25/02/2022 09:43:04, DPS310, P, 98996.46
25/02/2022 09:43:04, DPS310, P, 98996.84
25/02/2022 09:43:04, DPS310, P, 98996.51
25/02/2022 09:43:04, DPS310, P, 98996.80
25/02/2022 09:43:05, DPS310, P, 98996.62
25/02/2022 09:43:05, DPS310, P, 98997.21
25/02/2022 09:43:05, DPS310, P, 98996.88
25/02/2022 09:43:05, DPS310, P, 98996.94
25/02/2022 09:43:06, DPS310, P, 98997.06
25/02/2022 09:43:06, DPS310, P, 98996.67
25/02/2022 09:43:06, DPS310, P, 98996.99
25/02/2022 09:43:06, DPS310, P, 98997.24
25/02/2022 09:43:07, DPS310, P, 98996.70
25/02/2022 09:43:07, DPS310, P, 98996.17
25/02/2022 09:43:07, DPS310, P, 98996.20
25/02/2022 09:43:07, DPS310, P, 98996.15
25/02/2022 09:43:08, DPS310, P, 98995.92
25/02/2022 09:43:08, DPS310, P, 98996.34
25/02/2022 09:43:08, DPS310, P, 98996.25
25/02/2022 09:43:08, DPS310, P, 98996.25
25/02/2022 09:43:09, DPS310, P, 98996.38
25/02/2022 09:43:09, DPS310, P, 98996.15
25/02/2022 09:43:09, DPS310, P, 98995.87
25/02/2022 09:43:09, DPS310, P, 98996.04
25/02/2022 09:43:10, DPS310, P, 98995.87
25/02/2022 09:43:10, DPS310, P, 98996.07
25/02/2022 09:43:10, DPS310, P, 98996.11
25/02/2022 09:43:10, DPS310, P, 98996.23
25/02/2022 09:43:11, DPS310, P, 98996.20
25/02/2022 09:43:11, DPS310, P, 98996.37
25/02/2022 09:43:11, DPS310, P, 98996.21
25/02/2022 09:43:11, DPS310, P, 98996.16
25/02/2022 09:43:12, DPS310, P, 98996.02
25/02/2022 09:43:12, DPS310, P, 98996.26
25/02/2022 09:43:12, DPS310, P, 98996.10
25/02/2022 09:43:12, DPS310, P, 98996.26
25/02/2022 09:43:13, DPS310, P, 98996.18
25/02/2022 09:43:13, DPS310, P, 98995.91
25/02/2022 09:43:13, DPS310, P, 98996.22
25/02/2022 09:43:13, DPS310, P, 98995.93
25/02/2022 09:43:14, DPS310, P, 98996.00
25/02/2022 09:43:14, DPS310, P, 98995.96
25/02/2022 09:43:14, DPS310, P, 98996.09
25/02/2022 09:43:15, DPS310, P, 98996.28
25/02/2022 09:43:15, DPS310, P, 98995.96
25/02/2022 09:43:15, DPS310, P, 98996.55
25/02/2022 09:43:15, DPS310, P, 98996.26
25/02/2022 09:43:15, DPS310, P, 98996.38
25/02/2022 09:43:16, DPS310, P, 98996.14
25/02/2022 09:43:16, DPS310, P, 98996.09
25/02/2022 09:43:16, DPS310, P, 98996.07
25/02/2022 09:43:16, DPS310, P, 98996.27
25/02/2022 09:43:17, DPS310, P, 98996.44
25/02/2022 09:43:17, DPS310, P, 98997.10
25/02/2022 09:43:18, DPS310, P, 98996.35
25/02/2022 09:43:18, DPS310, P, 98996.66
25/02/2022 09:43:18, DPS310, P, 98997.18
25/02/2022 09:43:18, DPS310, P, 98996.79
25/02/2022 09:43:18, DPS310, P, 98997.03
25/02/2022 09:43:19, DPS310, P, 98996.77
25/02/2022 09:43:19, DPS310, P, 98996.46
25/02/2022 09:43:19, DPS310, P, 98996.92
25/02/2022 09:43:19, DPS310, P, 98996.67
25/02/2022 09:43:19, DPS310, P, 98996.91
25/02/2022 09:43:20, DPS310, P, 98996.63
25/02/2022 09:43:21, DPS310, P, 98997.02
25/02/2022 09:43:21, DPS310, P, 98996.90
25/02/2022 09:43:21, DPS310, P, 98996.94
25/02/2022 09:43:21, DPS310, P, 98997.09
25/02/2022 09:43:21, DPS310, P, 98996.83
25/02/2022 09:43:21, DPS310, P, 98996.80
25/02/2022 09:43:21, DPS310, P, 98996.76
25/02/2022 09:43:22, DPS310, P, 98996.74
25/02/2022 09:43:22, DPS310, P, 98996.96
25/02/2022 09:43:22, DPS310, P, 98996.48
25/02/2022 09:43:23, DPS310, P, 98997.02
25/02/2022 09:43:23, DPS310, P, 98996.96
25/02/2022 09:43:23, DPS310, P, 98996.95
25/02/2022 09:43:23, DPS310, P, 98996.64
25/02/2022 09:43:23, DPS310, P, 98996.76
25/02/2022 09:43:24, DPS310, P, 98996.95
25/02/2022 09:43:24, DPS310, P, 98996.65
25/02/2022 09:43:24, DPS310, P, 98996.69
25/02/2022 09:43:24, DPS310, P, 98996.41
25/02/2022 09:43:25, DPS310, P, 98996.64
25/02/2022 09:43:25, DPS310, P, 98996.55
25/02/2022 09:43:26, DPS310, P, 98996.12
25/02/2022 09:43:26, DPS310, P, 98995.75
25/02/2022 09:43:26, DPS310, P, 98996.06
25/02/2022 09:43:26, DPS310, P, 98995.75
25/02/2022 09:43:26, DPS310, P, 98995.14
25/02/2022 09:43:27, DPS310, P, 98994.72
25/02/2022 09:43:27, DPS310, P, 98995.10
25/02/2022 09:43:27, DPS310, P, 98995.02
25/02/2022 09:43:27, DPS310, P, 98994.86
25/02/2022 09:43:27, DPS310, P, 98995.10
25/02/2022 09:43:28, DPS310, P, 98995.27
25/02/2022 09:43:28, DPS310, P, 98995.01
25/02/2022 09:43:28, DPS310, P, 98995.25
25/02/2022 09:43:28, DPS310, P, 98994.94
25/02/2022 09:43:29, DPS310, P, 98995.24
25/02/2022 09:43:29, DPS310, P, 98995.03
25/02/2022 09:43:29, DPS310, P, 98994.98
25/02/2022 09:43:29, DPS310, P, 98994.64
25/02/2022 09:43:30, DPS310, P, 98994.09
25/02/2022 09:43:30, DPS310, P, 98994.09
25/02/2022 09:43:30, DPS310, P, 98993.94
25/02/2022 09:43:31, DPS310, P, 98994.05
25/02/2022 09:43:31, DPS310, P, 98994.33
25/02/2022 09:43:31, DPS310, P, 98994.66
25/02/2022 09:43:31, DPS310, P, 98994.82
25/02/2022 09:43:31, DPS310, P, 98994.60
25/02/2022 09:43:32, DPS310, P, 98994.43
25/02/2022 09:43:32, DPS310, P, 98994.87
25/02/2022 09:43:32, DPS310, P, 98995.11
25/02/2022 09:43:32, DPS310, P, 98994.89
25/02/2022 09:43:33, DPS310, P, 98994.71
25/02/2022 09:43:33, DPS310, P, 98994.85
25/02/2022 09:43:33, DPS310, P, 98994.85
25/02/2022 09:43:33, DPS310, P, 98994.14
25/02/2022 09:43:34, DPS310, P, 98994.10
25/02/2022 09:43:34, DPS310, P, 98994.60
25/02/2022 09:43:34, DPS310, P, 98994.84
25/02/2022 09:43:34, DPS310, P, 98994.16
25/02/2022 09:43:35, DPS310, P, 98994.69
25/02/2022 09:43:35, DPS310, P, 98994.99
25/02/2022 09:43:35, DPS310, P, 98995.21
25/02/2022 09:43:35, DPS310, P, 98994.78
25/02/2022 09:43:36, DPS310, P, 98995.20
25/02/2022 09:43:36, DPS310, P, 98995.43
25/02/2022 09:43:36, DPS310, P, 98995.76
25/02/2022 09:43:36, DPS310, P, 98995.55
25/02/2022 09:43:37, DPS310, P, 98995.72
25/02/2022 09:43:37, DPS310, P, 98996.05
25/02/2022 09:43:37, DPS310, P, 98995.64
25/02/2022 09:43:37, DPS310, P, 98996.32
25/02/2022 09:43:38, DPS310, P, 98996.24
25/02/2022 09:43:38, DPS310, P, 98996.25
25/02/2022 09:43:38, DPS310, P, 98996.04
25/02/2022 09:43:38, DPS310, P, 98995.78
25/02/2022 09:43:39, DPS310, P, 98995.86
25/02/2022 09:43:39, DPS310, P, 98995.57
25/02/2022 09:43:39, DPS310, P, 98995.60
25/02/2022 09:43:39, DPS310, P, 98995.71
25/02/2022 09:43:40, DPS310, P, 98995.64
25/02/2022 09:43:40, DPS310, P, 98995.79
25/02/2022 09:43:40, DPS310, P, 98995.80
25/02/2022 09:43:40, DPS310, P, 98996.16
25/02/2022 09:43:41, DPS310, P, 98996.01
25/02/2022 09:43:41, DPS310, P, 98995.90
25/02/2022 09:43:41, DPS310, P, 98996.13
25/02/2022 09:43:41, DPS310, P, 98996.78
25/02/2022 09:43:42, DPS310, P, 98996.66
25/02/2022 09:43:42, DPS310, P, 98996.44
25/02/2022 09:43:42, DPS310, P, 98996.98
25/02/2022 09:43:42, DPS310, P, 98996.77
25/02/2022 09:43:43, DPS310, P, 98996.64
25/02/2022 09:43:43, DPS310, P, 98996.70
25/02/2022 09:43:44, DPS310, P, 98996.47
25/02/2022 09:43:44, DPS310, P, 98996.75
25/02/2022 09:43:44, DPS310, P, 98996.71
25/02/2022 09:43:44, DPS310, P, 98996.99
25/02/2022 09:43:44, DPS310, P, 98996.39
25/02/2022 09:43:45, DPS310, P, 98996.89
25/02/2022 09:43:45, DPS310, P, 98996.80
25/02/2022 09:43:45, DPS310, P, 98997.00
25/02/2022 09:43:45, DPS310, P, 98996.86
25/02/2022 09:43:45, DPS310, P, 98996.88
25/02/2022 09:43:46, DPS310, P, 98996.95
25/02/2022 09:43:46, DPS310, P, 98996.60
25/02/2022 09:43:46, DPS310, P, 98996.29
25/02/2022 09:43:46, DPS310, P, 98995.96
25/02/2022 09:43:47, DPS310, P, 98995.82
25/02/2022 09:43:47, DPS310, P, 98995.61
25/02/2022 09:43:47, DPS310, P, 98995.86
25/02/2022 09:43:47, DPS310, P, 98995.69
25/02/2022 09:43:48, DPS310, P, 98995.57
25/02/2022 09:43:48, DPS310, P, 98995.71
25/02/2022 09:43:48, DPS310, P, 98995.80
25/02/2022 09:43:49, DPS310, P, 98995.78
25/02/2022 09:43:49, DPS310, P, 98995.71
25/02/2022 09:43:49, DPS310, P, 98995.85
25/02/2022 09:43:49, DPS310, P, 98996.11
25/02/2022 09:43:49, DPS310, P, 98996.11
25/02/2022 09:43:50, DPS310, P, 98995.95
25/02/2022 09:43:51, DPS310, P, 98996.10
25/02/2022 09:43:51, DPS310, P, 98995.80
25/02/2022 09:43:51, DPS310, P, 98996.16
25/02/2022 09:43:51, DPS310, P, 98996.20
25/02/2022 09:43:51, DPS310, P, 98996.47
25/02/2022 09:43:51, DPS310, P, 98996.00
25/02/2022 09:43:51, DPS310, P, 98996.08
25/02/2022 09:43:52, DPS310, P, 98996.15
25/02/2022 09:43:52, DPS310, P, 98996.15
25/02/2022 09:43:52, DPS310, P, 98996.46
25/02/2022 09:43:53, DPS310, P, 98996.56
25/02/2022 09:43:53, DPS310, P, 98996.42
25/02/2022 09:43:53, DPS310, P, 98996.27
25/02/2022 09:43:53, DPS310, P, 98996.31
25/02/2022 09:43:53, DPS310, P, 98996.54
25/02/2022 09:43:54, DPS310, P, 98996.36
25/02/2022 09:43:54, DPS310, P, 98996.49
25/02/2022 09:43:54, DPS310, P, 98996.20
25/02/2022 09:43:54, DPS310, P, 98996.25
25/02/2022 09:43:55, DPS310, P, 98995.94
25/02/2022 09:43:55, DPS310, P, 98995.84
25/02/2022 09:43:56, DPS310, P, 98996.30
25/02/2022 09:43:56, DPS310, P, 98995.87
25/02/2022 09:43:56, DPS310, P, 98995.07
25/02/2022 09:43:56, DPS310, P, 98995.51
25/02/2022 09:43:56, DPS310, P, 98995.18
25/02/2022 09:43:57, DPS310, P, 98995.15
25/02/2022 09:43:57, DPS310, P, 98995.21
25/02/2022 09:43:57, DPS310, P, 98995.28
25/02/2022 09:43:57, DPS310, P, 98995.41
25/02/2022 09:43:57, DPS310, P, 98995.17
25/02/2022 09:43:58, DPS310, P, 98995.19
25/02/2022 09:43:58, DPS310, P, 98995.42
25/02/2022 09:43:58, DPS310, P, 98995.07
25/02/2022 09:43:58, DPS310, P, 98995.24
25/02/2022 09:43:59, DPS310, P, 98995.10
25/02/2022 09:43:59, DPS310, P, 98994.92
25/02/2022 09:43:59, DPS310, P, 98995.02
25/02/2022 09:43:59, DPS310, P, 98994.14
25/02/2022 09:44:00, DPS310, P, 98994.60
25/02/2022 09:44:00, DPS310, P, 98994.42
25/02/2022 09:44:00, DPS310, P, 98994.71
25/02/2022 09:44:01, DPS310, P, 98994.92
25/02/2022 09:44:01, DPS310, P, 98995.00
25/02/2022 09:44:01, DPS310, P, 98995.14
25/02/2022 09:44:01, DPS310, P, 98995.10
25/02/2022 09:44:01, DPS310, P, 98995.18
25/02/2022 09:44:02, DPS310, P, 98995.29
25/02/2022 09:44:02, DPS310, P, 98995.50
25/02/2022 09:44:02, DPS310, P, 98995.37
25/02/2022 09:44:02, DPS310, P, 98995.26
25/02/2022 09:44:03, DPS310, P, 98995.18
25/02/2022 09:44:03, DPS310, P, 98995.25
25/02/2022 09:44:03, DPS310, P, 98995.55
25/02/2022 09:44:03, DPS310, P, 98995.36
25/02/2022 09:44:04, DPS310, P, 98995.28
25/02/2022 09:44:04, DPS310, P, 98995.44
25/02/2022 09:44:04, DPS310, P, 98995.30
25/02/2022 09:44:04, DPS310, P, 98995.62
25/02/2022 09:44:05, DPS310, P, 98995.94
25/02/2022 09:44:05, DPS310, P, 98996.15
25/02/2022 09:44:05, DPS310, P, 98996.19
25/02/2022 09:44:05, DPS310, P, 98996.23
25/02/2022 09:44:06, DPS310, P, 98996.35
25/02/2022 09:44:06, DPS310, P, 98996.00
25/02/2022 09:44:06, DPS310, P, 98996.56
25/02/2022 09:44:06, DPS310, P, 98996.57
25/02/2022 09:44:07, DPS310, P, 98996.75
25/02/2022 09:44:07, DPS310, P, 98996.46
25/02/2022 09:44:07, DPS310, P, 98996.66
25/02/2022 09:44:07, DPS310, P, 98996.80
25/02/2022 09:44:08, DPS310, P, 98996.78
25/02/2022 09:44:08, DPS310, P, 98996.84
25/02/2022 09:44:08, DPS310, P, 98996.64
25/02/2022 09:44:08, DPS310, P, 98996.88
25/02/2022 09:44:09, DPS310, P, 98996.82
25/02/2022 09:44:09, DPS310, P, 98996.91
25/02/2022 09:44:10, DPS310, P, 98996.67
25/02/2022 09:44:10, DPS310, P, 98996.69
25/02/2022 09:44:10, DPS310, P, 98996.31
25/02/2022 09:44:10, DPS310, P, 98996.32
25/02/2022 09:44:10, DPS310, P, 98996.02
25/02/2022 09:44:10, DPS310, P, 98996.53
25/02/2022 09:44:11, DPS310, P, 98996.57
25/02/2022 09:44:11, DPS310, P, 98996.39
25/02/2022 09:44:11, DPS310, P, 98996.00
25/02/2022 09:44:11, DPS310, P, 98996.55
25/02/2022 09:44:12, DPS310, P, 98996.34
25/02/2022 09:44:12, DPS310, P, 98996.25
25/02/2022 09:44:12, DPS310, P, 98996.20
25/02/2022 09:44:12, DPS310, P, 98996.22
25/02/2022 09:44:13, DPS310, P, 98996.13
25/02/2022 09:44:13, DPS310, P, 98996.15
25/02/2022 09:44:14, DPS310, P, 98996.20
25/02/2022 09:44:14, DPS310, P, 98996.34
25/02/2022 09:44:14, DPS310, P, 98996.43
25/02/2022 09:44:14, DPS310, P, 98996.44
25/02/2022 09:44:14, DPS310, P, 98996.21
25/02/2022 09:44:15, DPS310, P, 98996.36
25/02/2022 09:44:15, DPS310, P, 98996.62
25/02/2022 09:44:15, DPS310, P, 98996.39
25/02/2022 09:44:15, DPS310, P, 98996.00
25/02/2022 09:44:15, DPS310, P, 98995.97
25/02/2022 09:44:16, DPS310, P, 98996.24
25/02/2022 09:44:16, DPS310, P, 98995.85
25/02/2022 09:44:16, DPS310, P, 98996.43
25/02/2022 09:44:16, DPS310, P, 98996.04
25/02/2022 09:44:17, DPS310, P, 98995.96
25/02/2022 09:44:17, DPS310, P, 98995.95
25/02/2022 09:44:18, DPS310, P, 98996.47
25/02/2022 09:44:18, DPS310, P, 98996.57
25/02/2022 09:44:18, DPS310, P, 98996.93
25/02/2022 09:44:18, DPS310, P, 98996.56
25/02/2022 09:44:18, DPS310, P, 98996.69
25/02/2022 09:44:19, DPS310, P, 98996.72
25/02/2022 09:44:19, DPS310, P, 98996.77
25/02/2022 09:44:19, DPS310, P, 98996.55
25/02/2022 09:44:19, DPS310, P, 98996.89
25/02/2022 09:44:19, DPS310, P, 98997.07
25/02/2022 09:44:20, DPS310, P, 98997.14
25/02/2022 09:44:21, DPS310, P, 98996.73
25/02/2022 09:44:21, DPS310, P, 98997.05
25/02/2022 09:44:21, DPS310, P, 98997.13
25/02/2022 09:44:21, DPS310, P, 98997.06
25/02/2022 09:44:21, DPS310, P, 98996.79
25/02/2022 09:44:21, DPS310, P, 98996.85
25/02/2022 09:44:21, DPS310, P, 98996.62
25/02/2022 09:44:22, DPS310, P, 98996.46
25/02/2022 09:44:22, DPS310, P, 98996.56
25/02/2022 09:44:22, DPS310, P, 98996.44
25/02/2022 09:44:23, DPS310, P, 98994.96
25/02/2022 09:44:23, DPS310, P, 98992.14
25/02/2022 09:44:23, DPS310, P, 99006.13
25/02/2022 09:44:23, DPS310, P, 98995.66
25/02/2022 09:44:23, DPS310, P, 98995.52
25/02/2022 09:44:24, DPS310, P, 98997.50
25/02/2022 09:44:24, DPS310, P, 98996.14
25/02/2022 09:44:24, DPS310, P, 98996.39
25/02/2022 09:44:24, DPS310, P, 98996.21
25/02/2022 09:44:25, DPS310, P, 98996.17
25/02/2022 09:44:25, DPS310, P, 98996.38
25/02/2022 09:44:26, DPS310, P, 98996.60
25/02/2022 09:44:26, DPS310, P, 98996.69
25/02/2022 09:44:26, DPS310, P, 98997.13
25/02/2022 09:44:26, DPS310, P, 98996.70
25/02/2022 09:44:26, DPS310, P, 98997.07
25/02/2022 09:44:27, DPS310, P, 98997.28
25/02/2022 09:44:27, DPS310, P, 98997.60
25/02/2022 09:44:27, DPS310, P, 98997.46
25/02/2022 09:44:27, DPS310, P, 98997.40
25/02/2022 09:44:27, DPS310, P, 98997.69
25/02/2022 09:44:28, DPS310, P, 98997.40
25/02/2022 09:44:28, DPS310, P, 98997.39
25/02/2022 09:44:28, DPS310, P, 98997.67
25/02/2022 09:44:28, DPS310, P, 98997.06
25/02/2022 09:44:29, DPS310, P, 98997.03
25/02/2022 09:44:29, DPS310, P, 98997.21
25/02/2022 09:44:29, DPS310, P, 98997.25
25/02/2022 09:44:29, DPS310, P, 98997.14
25/02/2022 09:44:30, DPS310, P, 98997.13
25/02/2022 09:44:30, DPS310, P, 98997.13
25/02/2022 09:44:30, DPS310, P, 98997.36
25/02/2022 09:44:31, DPS310, P, 98997.21
25/02/2022 09:44:31, DPS310, P, 98997.09
25/02/2022 09:44:31, DPS310, P, 98997.75
25/02/2022 09:44:31, DPS310, P, 98997.38
25/02/2022 09:44:31, DPS310, P, 98997.62
25/02/2022 09:44:32, DPS310, P, 98997.14
25/02/2022 09:44:32, DPS310, P, 98997.49
25/02/2022 09:44:32, DPS310, P, 98997.21
25/02/2022 09:44:32, DPS310, P, 98997.35
25/02/2022 09:44:33, DPS310, P, 98997.03
25/02/2022 09:44:33, DPS310, P, 98997.14
25/02/2022 09:44:33, DPS310, P, 98997.32
25/02/2022 09:44:33, DPS310, P, 98997.61
25/02/2022 09:44:34, DPS310, P, 98997.39
25/02/2022 09:44:34, DPS310, P, 98997.32
25/02/2022 09:44:34, DPS310, P, 98997.17
25/02/2022 09:44:34, DPS310, P, 98997.25
25/02/2022 09:44:35, DPS310, P, 98997.00
25/02/2022 09:44:35, DPS310, P, 98997.10
25/02/2022 09:44:35, DPS310, P, 98996.96
25/02/2022 09:44:35, DPS310, P, 98996.68
25/02/2022 09:44:36, DPS310, P, 98997.10
25/02/2022 09:44:36, DPS310, P, 98997.00
25/02/2022 09:44:36, DPS310, P, 98996.85
25/02/2022 09:44:36, DPS310, P, 98996.85
25/02/2022 09:44:37, DPS310, P, 98997.13
25/02/2022 09:44:37, DPS310, P, 98996.98
25/02/2022 09:44:37, DPS310, P, 98996.98
25/02/2022 09:44:37, DPS310, P, 98996.65
25/02/2022 09:44:38, DPS310, P, 98996.85
25/02/2022 09:44:38, DPS310, P, 98996.75
25/02/2022 09:44:38, DPS310, P, 98996.95
25/02/2022 09:44:38, DPS310, P, 98996.75
25/02/2022 09:44:39, DPS310, P, 98996.62
25/02/2022 09:44:39, DPS310, P, 98996.81
25/02/2022 09:44:39, DPS310, P, 98996.89
25/02/2022 09:44:39, DPS310, P, 98996.85
25/02/2022 09:44:40, DPS310, P, 98996.53
25/02/2022 09:44:40, DPS310, P, 98996.65
25/02/2022 09:44:40, DPS310, P, 98996.71
25/02/2022 09:44:40, DPS310, P, 98996.60
25/02/2022 09:44:41, DPS310, P, 98997.03
25/02/2022 09:44:41, DPS310, P, 98996.69
25/02/2022 09:44:41, DPS310, P, 98996.60
25/02/2022 09:44:41, DPS310, P, 98997.00
25/02/2022 09:44:42, DPS310, P, 98997.05
25/02/2022 09:44:42, DPS310, P, 98996.58
25/02/2022 09:44:42, DPS310, P, 98996.63
25/02/2022 09:44:42, DPS310, P, 98997.03
25/02/2022 09:44:43, DPS310, P, 98997.18
25/02/2022 09:44:43, DPS310, P, 98997.38
25/02/2022 09:44:43, DPS310, P, 98997.31
25/02/2022 09:44:43, DPS310, P, 98997.36
25/02/2022 09:44:44, DPS310, P, 98997.25
25/02/2022 09:44:44, DPS310, P, 98997.23
25/02/2022 09:44:44, DPS310, P, 98997.25
25/02/2022 09:44:45, DPS310, P, 98997.17
25/02/2022 09:44:45, DPS310, P, 98997.15
25/02/2022 09:44:45, DPS310, P, 98997.32
25/02/2022 09:44:45, DPS310, P, 98996.95
25/02/2022 09:44:45, DPS310, P, 98997.06
25/02/2022 09:44:46, DPS310, P, 98997.28
25/02/2022 09:44:46, DPS310, P, 98997.42
25/02/2022 09:44:46, DPS310, P, 98997.30
25/02/2022 09:44:46, DPS310, P, 98997.05
25/02/2022 09:44:47, DPS310, P, 98997.17
25/02/2022 09:44:47, DPS310, P, 98997.07
25/02/2022 09:44:48, DPS310, P, 98997.30
25/02/2022 09:44:48, DPS310, P, 98997.20
25/02/2022 09:44:48, DPS310, P, 98997.50
25/02/2022 09:44:48, DPS310, P, 98997.49
25/02/2022 09:44:48, DPS310, P, 98997.42
25/02/2022 09:44:49, DPS310, P, 98997.35
25/02/2022 09:44:49, DPS310, P, 98997.28
25/02/2022 09:44:49, DPS310, P, 98997.10
25/02/2022 09:44:49, DPS310, P, 98997.17
25/02/2022 09:44:49, DPS310, P, 98997.01
25/02/2022 09:44:50, DPS310, P, 98996.77
25/02/2022 09:44:51, DPS310, P, 98996.88
25/02/2022 09:44:51, DPS310, P, 98997.00
25/02/2022 09:44:51, DPS310, P, 98996.97
25/02/2022 09:44:51, DPS310, P, 98996.86
25/02/2022 09:44:51, DPS310, P, 98996.79
25/02/2022 09:44:51, DPS310, P, 98996.92
25/02/2022 09:44:51, DPS310, P, 98996.50
25/02/2022 09:44:52, DPS310, P, 98996.62
25/02/2022 09:44:52, DPS310, P, 98996.75
25/02/2022 09:44:52, DPS310, P, 98996.75
25/02/2022 09:44:53, DPS310, P, 98996.76
25/02/2022 09:44:53, DPS310, P, 98997.01
25/02/2022 09:44:53, DPS310, P, 98996.74
25/02/2022 09:44:53, DPS310, P, 98996.53
25/02/2022 09:44:53, DPS310, P, 98996.79
25/02/2022 09:44:54, DPS310, P, 98996.42
25/02/2022 09:44:54, DPS310, P, 98996.66
25/02/2022 09:44:54, DPS310, P, 98996.65
25/02/2022 09:44:54, DPS310, P, 98996.57
25/02/2022 09:44:55, DPS310, P, 98996.88
25/02/2022 09:44:55, DPS310, P, 98997.11
25/02/2022 09:44:56, DPS310, P, 98996.57
25/02/2022 09:44:56, DPS310, P, 98996.90
25/02/2022 09:44:56, DPS310, P, 98997.04
25/02/2022 09:44:56, DPS310, P, 98996.80
25/02/2022 09:44:56, DPS310, P, 98997.01
25/02/2022 09:44:57, DPS310, P, 98997.01
25/02/2022 09:44:57, DPS310, P, 98997.50
25/02/2022 09:44:57, DPS310, P, 98996.87
25/02/2022 09:44:57, DPS310, P, 98996.89
25/02/2022 09:44:57, DPS310, P, 98997.16
25/02/2022 09:44:58, DPS310, P, 98997.07
25/02/2022 09:44:58, DPS310, P, 98997.03
25/02/2022 09:44:58, DPS310, P, 98997.19
25/02/2022 09:44:58, DPS310, P, 98996.89
25/02/2022 09:44:59, DPS310, P, 98996.79
25/02/2022 09:44:59, DPS310, P, 98996.93
25/02/2022 09:44:59, DPS310, P, 98996.86
25/02/2022 09:44:59, DPS310, P, 98997.13
25/02/2022 09:45:00, DPS310, P, 98996.86
25/02/2022 09:45:00, DPS310, P, 98997.24
25/02/2022 09:45:00, DPS310, P, 98997.39
25/02/2022 09:45:01, DPS310, P, 98997.00
25/02/2022 09:45:01, DPS310, P, 98997.59
25/02/2022 09:45:01, DPS310, P, 98997.53
25/02/2022 09:45:01, DPS310, P, 98997.39
25/02/2022 09:45:01, DPS310, P, 98997.23
25/02/2022 09:45:02, DPS310, P, 98997.52
25/02/2022 09:45:02, DPS310, P, 98997.23
25/02/2022 09:45:02, DPS310, P, 98997.27
25/02/2022 09:45:02, DPS310, P, 98997.16
25/02/2022 09:45:03, DPS310, P, 98997.31
25/02/2022 09:45:03, DPS310, P, 98997.16
25/02/2022 09:45:03, DPS310, P, 98997.57
25/02/2022 09:45:03, DPS310, P, 98997.38
25/02/2022 09:45:04, DPS310, P, 98997.11
25/02/2022 09:45:04, DPS310, P, 98997.53
25/02/2022 09:45:04, DPS310, P, 98997.52
25/02/2022 09:45:04, DPS310, P, 98997.48
25/02/2022 09:45:05, DPS310, P, 98997.60
25/02/2022 09:45:05, DPS310, P, 98997.71
25/02/2022 09:45:05, DPS310, P, 98997.97
25/02/2022 09:45:05, DPS310, P, 98997.85
25/02/2022 09:45:06, DPS310, P, 98997.92
25/02/2022 09:45:06, DPS310, P, 98997.82
25/02/2022 09:45:06, DPS310, P, 98997.93
25/02/2022 09:45:06, DPS310, P, 98997.75
25/02/2022 09:45:07, DPS310, P, 98998.21
25/02/2022 09:45:07, DPS310, P, 98997.91
25/02/2022 09:45:07, DPS310, P, 98997.89
25/02/2022 09:45:07, DPS310, P, 98997.60
25/02/2022 09:45:08, DPS310, P, 98997.75
25/02/2022 09:45:08, DPS310, P, 98998.14
25/02/2022 09:45:08, DPS310, P, 98997.95
25/02/2022 09:45:08, DPS310, P, 98998.04
25/02/2022 09:45:09, DPS310, P, 98998.08
25/02/2022 09:45:09, DPS310, P, 98997.74
25/02/2022 09:45:09, DPS310, P, 98997.67
25/02/2022 09:45:09, DPS310, P, 98998.06
25/02/2022 09:45:10, DPS310, P, 98997.67
25/02/2022 09:45:10, DPS310, P, 98998.00
25/02/2022 09:45:10, DPS310, P, 98997.85
25/02/2022 09:45:10, DPS310, P, 98997.55
25/02/2022 09:45:11, DPS310, P, 98997.42
25/02/2022 09:45:11, DPS310, P, 98997.39
25/02/2022 09:45:11, DPS310, P, 98997.42
25/02/2022 09:45:11, DPS310, P, 98997.33
25/02/2022 09:45:12, DPS310, P, 98997.78
25/02/2022 09:45:12, DPS310, P, 98997.17
25/02/2022 09:45:12, DPS310, P, 98997.31
25/02/2022 09:45:12, DPS310, P, 98997.29
25/02/2022 09:45:13, DPS310, P, 98997.31
25/02/2022 09:45:13, DPS310, P, 98997.14
25/02/2022 09:45:13, DPS310, P, 98997.20
25/02/2022 09:45:13, DPS310, P, 98997.00
25/02/2022 09:45:14, DPS310, P, 98996.90
25/02/2022 09:45:14, DPS310, P, 98997.16
25/02/2022 09:45:14, DPS310, P, 98996.78
25/02/2022 09:45:15, DPS310, P, 98996.94
25/02/2022 09:45:15, DPS310, P, 98997.12
25/02/2022 09:45:15, DPS310, P, 98997.17
25/02/2022 09:45:15, DPS310, P, 98996.89
25/02/2022 09:45:15, DPS310, P, 98996.79
25/02/2022 09:45:16, DPS310, P, 98997.03
25/02/2022 09:45:16, DPS310, P, 98997.11
25/02/2022 09:45:16, DPS310, P, 98996.95
25/02/2022 09:45:16, DPS310, P, 98996.80
25/02/2022 09:45:17, DPS310, P, 98996.69
25/02/2022 09:45:17, DPS310, P, 98997.22
25/02/2022 09:45:17, DPS310, P, 98996.82
25/02/2022 09:45:17, DPS310, P, 98996.60
25/02/2022 09:45:18, DPS310, P, 98996.64
25/02/2022 09:45:18, DPS310, P, 98996.64
25/02/2022 09:45:18, DPS310, P, 98996.67
25/02/2022 09:45:19, DPS310, P, 98996.73
25/02/2022 09:45:19, DPS310, P, 98996.76
25/02/2022 09:45:19, DPS310, P, 98996.64
25/02/2022 09:45:19, DPS310, P, 98996.54
25/02/2022 09:45:19, DPS310, P, 98996.79
25/02/2022 09:45:20, DPS310, P, 98997.21
25/02/2022 09:45:21, DPS310, P, 98996.53
25/02/2022 09:45:21, DPS310, P, 98996.39
25/02/2022 09:45:21, DPS310, P, 98996.76
25/02/2022 09:45:21, DPS310, P, 98996.72
25/02/2022 09:45:21, DPS310, P, 98996.87
25/02/2022 09:45:21, DPS310, P, 98996.92
25/02/2022 09:45:21, DPS310, P, 98996.65
25/02/2022 09:45:22, DPS310, P, 98996.78
25/02/2022 09:45:22, DPS310, P, 98996.71
25/02/2022 09:45:22, DPS310, P, 98996.69
25/02/2022 09:45:23, DPS310, P, 98996.75
25/02/2022 09:45:23, DPS310, P, 98996.90
25/02/2022 09:45:23, DPS310, P, 98996.52
25/02/2022 09:45:23, DPS310, P, 98996.78
25/02/2022 09:45:23, DPS310, P, 98996.79
25/02/2022 09:45:24, DPS310, P, 98996.72
25/02/2022 09:45:24, DPS310, P, 98996.54
25/02/2022 09:45:24, DPS310, P, 98996.24
25/02/2022 09:45:24, DPS310, P, 98996.46
25/02/2022 09:45:25, DPS310, P, 98996.35
25/02/2022 09:45:25, DPS310, P, 98996.76
25/02/2022 09:45:26, DPS310, P, 98996.27
25/02/2022 09:45:26, DPS310, P, 98996.32
25/02/2022 09:45:26, DPS310, P, 98996.67
25/02/2022 09:45:26, DPS310, P, 98996.42
25/02/2022 09:45:26, DPS310, P, 98996.50
25/02/2022 09:45:27, DPS310, P, 98995.87
25/02/2022 09:45:27, DPS310, P, 98995.91
25/02/2022 09:45:27, DPS310, P, 98995.91
25/02/2022 09:45:27, DPS310, P, 98996.32
25/02/2022 09:45:27, DPS310, P, 98996.17
25/02/2022 09:45:28, DPS310, P, 98995.96
25/02/2022 09:45:28, DPS310, P, 98996.07
25/02/2022 09:45:28, DPS310, P, 98996.00
25/02/2022 09:45:28, DPS310, P, 98996.10
25/02/2022 09:45:29, DPS310, P, 98995.91
25/02/2022 09:45:29, DPS310, P, 98996.00
25/02/2022 09:45:29, DPS310, P, 98995.84
25/02/2022 09:45:29, DPS310, P, 98996.17
25/02/2022 09:45:30, DPS310, P, 98995.99
25/02/2022 09:45:30, DPS310, P, 98995.85
25/02/2022 09:45:30, DPS310, P, 98996.21
25/02/2022 09:45:31, DPS310, P, 98995.72
25/02/2022 09:45:31, DPS310, P, 98995.85
25/02/2022 09:45:31, DPS310, P, 98996.10
25/02/2022 09:45:31, DPS310, P, 98995.99
25/02/2022 09:45:31, DPS310, P, 98996.09
25/02/2022 09:45:32, DPS310, P, 98996.33
25/02/2022 09:45:32, DPS310, P, 98996.24
25/02/2022 09:45:32, DPS310, P, 98996.14
25/02/2022 09:45:32, DPS310, P, 98996.14
25/02/2022 09:45:33, DPS310, P, 98996.49
25/02/2022 09:45:33, DPS310, P, 98996.41
25/02/2022 09:45:33, DPS310, P, 98996.67
25/02/2022 09:45:33, DPS310, P, 98996.32
25/02/2022 09:45:34, DPS310, P, 98996.42
25/02/2022 09:45:34, DPS310, P, 98997.25
25/02/2022 09:45:34, DPS310, P, 98996.46
25/02/2022 09:45:34, DPS310, P, 98996.06
25/02/2022 09:45:35, DPS310, P, 98995.32
25/02/2022 09:45:35, DPS310, P, 98995.39
25/02/2022 09:45:35, DPS310, P, 98995.40
25/02/2022 09:45:35, DPS310, P, 98995.46
25/02/2022 09:45:36, DPS310, P, 98996.24
25/02/2022 09:45:36, DPS310, P, 98996.42
25/02/2022 09:45:36, DPS310, P, 98996.64
25/02/2022 09:45:36, DPS310, P, 98996.66
25/02/2022 09:45:37, DPS310, P, 98996.21
25/02/2022 09:45:37, DPS310, P, 98996.43
25/02/2022 09:45:37, DPS310, P, 98996.65
25/02/2022 09:45:37, DPS310, P, 98996.48
25/02/2022 09:45:38, DPS310, P, 98996.41
25/02/2022 09:45:38, DPS310, P, 98996.67
25/02/2022 09:45:38, DPS310, P, 98996.86
25/02/2022 09:45:38, DPS310, P, 98996.60
25/02/2022 09:45:39, DPS310, P, 98996.48
25/02/2022 09:45:39, DPS310, P, 98996.11
25/02/2022 09:45:40, DPS310, P, 98996.11
25/02/2022 09:45:40, DPS310, P, 98996.16
25/02/2022 09:45:40, DPS310, P, 98996.17
25/02/2022 09:45:40, DPS310, P, 98996.14
25/02/2022 09:45:40, DPS310, P, 98996.15
25/02/2022 09:45:40, DPS310, P, 98996.10
25/02/2022 09:45:41, DPS310, P, 98996.20
25/02/2022 09:45:41, DPS310, P, 98996.00
25/02/2022 09:45:41, DPS310, P, 98995.92
25/02/2022 09:45:41, DPS310, P, 98996.17
25/02/2022 09:45:42, DPS310, P, 98995.85
25/02/2022 09:45:42, DPS310, P, 98996.14
25/02/2022 09:45:42, DPS310, P, 98996.21
25/02/2022 09:45:42, DPS310, P, 98996.28
25/02/2022 09:45:43, DPS310, P, 98995.79
25/02/2022 09:45:43, DPS310, P, 98996.28
25/02/2022 09:45:43, DPS310, P, 98996.02
25/02/2022 09:45:43, DPS310, P, 98996.18
25/02/2022 09:45:44, DPS310, P, 98995.85
25/02/2022 09:45:44, DPS310, P, 98995.83
25/02/2022 09:45:44, DPS310, P, 98995.82
25/02/2022 09:45:45, DPS310, P, 98995.94
25/02/2022 09:45:45, DPS310, P, 98996.10
25/02/2022 09:45:45, DPS310, P, 98995.57
25/02/2022 09:45:45, DPS310, P, 98996.05
25/02/2022 09:45:45, DPS310, P, 98996.02
25/02/2022 09:45:46, DPS310, P, 98995.86
25/02/2022 09:45:46, DPS310, P, 98995.97
25/02/2022 09:45:46, DPS310, P, 98995.93
25/02/2022 09:45:46, DPS310, P, 98995.80
25/02/2022 09:45:47, DPS310, P, 98995.72
25/02/2022 09:45:47, DPS310, P, 98995.87
25/02/2022 09:45:48, DPS310, P, 98996.06
25/02/2022 09:45:48, DPS310, P, 98995.49
25/02/2022 09:45:48, DPS310, P, 98995.78
25/02/2022 09:45:48, DPS310, P, 98995.96
25/02/2022 09:45:48, DPS310, P, 98995.88
25/02/2022 09:45:49, DPS310, P, 98996.15
25/02/2022 09:45:49, DPS310, P, 98995.98
25/02/2022 09:45:49, DPS310, P, 98995.89
25/02/2022 09:45:49, DPS310, P, 98996.00
25/02/2022 09:45:49, DPS310, P, 98996.00
25/02/2022 09:45:50, DPS310, P, 98995.54
25/02/2022 09:45:51, DPS310, P, 98995.75
25/02/2022 09:45:51, DPS310, P, 98995.68
25/02/2022 09:45:51, DPS310, P, 98995.51
25/02/2022 09:45:51, DPS310, P, 98995.40
25/02/2022 09:45:51, DPS310, P, 98995.17
25/02/2022 09:45:51, DPS310, P, 98995.52
25/02/2022 09:45:52, DPS310, P, 98995.10
25/02/2022 09:45:52, DPS310, P, 98995.36
25/02/2022 09:45:52, DPS310, P, 98995.59
25/02/2022 09:45:52, DPS310, P, 98995.44
25/02/2022 09:45:53, DPS310, P, 98995.58
25/02/2022 09:45:53, DPS310, P, 98995.54
25/02/2022 09:45:53, DPS310, P, 98995.79
25/02/2022 09:45:53, DPS310, P, 98995.78
25/02/2022 09:45:53, DPS310, P, 98995.52
25/02/2022 09:45:54, DPS310, P, 98995.28
25/02/2022 09:45:54, DPS310, P, 98995.11
25/02/2022 09:45:54, DPS310, P, 98995.37
25/02/2022 09:45:54, DPS310, P, 98995.60
25/02/2022 09:45:55, DPS310, P, 98995.46
25/02/2022 09:45:55, DPS310, P, 98995.33
25/02/2022 09:45:56, DPS310, P, 98994.88
25/02/2022 09:45:56, DPS310, P, 98995.34
25/02/2022 09:45:56, DPS310, P, 98995.11
25/02/2022 09:45:56, DPS310, P, 98995.25
25/02/2022 09:45:56, DPS310, P, 98995.04
25/02/2022 09:45:57, DPS310, P, 98995.53
25/02/2022 09:45:57, DPS310, P, 98995.24
25/02/2022 09:45:57, DPS310, P, 98995.54
25/02/2022 09:45:57, DPS310, P, 98995.14
25/02/2022 09:45:57, DPS310, P, 98994.96
25/02/2022 09:45:58, DPS310, P, 98995.28
25/02/2022 09:45:58, DPS310, P, 98995.28
25/02/2022 09:45:58, DPS310, P, 98995.18
25/02/2022 09:45:58, DPS310, P, 98995.67
25/02/2022 09:45:59, DPS310, P, 98995.04
25/02/2022 09:45:59, DPS310, P, 98995.28
25/02/2022 09:45:59, DPS310, P, 98995.28
25/02/2022 09:45:59, DPS310, P, 98994.73
25/02/2022 09:46:00, DPS310, P, 98995.03
25/02/2022 09:46:00, DPS310, P, 98995.24
25/02/2022 09:46:00, DPS310, P, 98995.19
25/02/2022 09:46:01, DPS310, P, 98994.99
25/02/2022 09:46:01, DPS310, P, 98994.95
25/02/2022 09:46:01, DPS310, P, 98994.95
25/02/2022 09:46:01, DPS310, P, 98994.85
25/02/2022 09:46:01, DPS310, P, 98994.84
25/02/2022 09:46:02, DPS310, P, 98994.89
25/02/2022 09:46:02, DPS310, P, 98994.96
25/02/2022 09:46:02, DPS310, P, 98994.86
25/02/2022 09:46:02, DPS310, P, 98994.71
25/02/2022 09:46:03, DPS310, P, 98994.91
25/02/2022 09:46:03, DPS310, P, 98994.71
25/02/2022 09:46:03, DPS310, P, 98994.77
25/02/2022 09:46:03, DPS310, P, 98994.64
25/02/2022 09:46:04, DPS310, P, 98994.49
25/02/2022 09:46:04, DPS310, P, 98994.06
25/02/2022 09:46:04, DPS310, P, 98994.12
25/02/2022 09:46:04, DPS310, P, 98994.26
25/02/2022 09:46:05, DPS310, P, 98994.15
25/02/2022 09:46:05, DPS310, P, 98994.36
25/02/2022 09:46:05, DPS310, P, 98994.71
25/02/2022 09:46:05, DPS310, P, 98994.34
25/02/2022 09:46:06, DPS310, P, 98994.13
25/02/2022 09:46:06, DPS310, P, 98994.08
25/02/2022 09:46:06, DPS310, P, 98994.39
25/02/2022 09:46:06, DPS310, P, 98994.06
25/02/2022 09:46:07, DPS310, P, 98994.08
25/02/2022 09:46:07, DPS310, P, 98994.35
25/02/2022 09:46:07, DPS310, P, 98994.38
25/02/2022 09:46:07, DPS310, P, 98994.08
25/02/2022 09:46:08, DPS310, P, 98994.13
25/02/2022 09:46:08, DPS310, P, 98994.35
25/02/2022 09:46:08, DPS310, P, 98994.29
25/02/2022 09:46:08, DPS310, P, 98994.21
25/02/2022 09:46:09, DPS310, P, 98994.15
25/02/2022 09:46:09, DPS310, P, 98994.21
25/02/2022 09:46:09, DPS310, P, 98994.08
25/02/2022 09:46:09, DPS310, P, 98993.57
25/02/2022 09:46:10, DPS310, P, 98994.34
25/02/2022 09:46:10, DPS310, P, 98993.96
25/02/2022 09:46:10, DPS310, P, 98994.17
25/02/2022 09:46:10, DPS310, P, 98994.49
25/02/2022 09:46:11, DPS310, P, 98994.60
25/02/2022 09:46:11, DPS310, P, 98994.54
25/02/2022 09:46:11, DPS310, P, 98994.49
25/02/2022 09:46:11, DPS310, P, 98994.67
25/02/2022 09:46:12, DPS310, P, 98994.52
25/02/2022 09:46:12, DPS310, P, 98994.77
25/02/2022 09:46:12, DPS310, P, 98994.64
25/02/2022 09:46:12, DPS310, P, 98994.42
25/02/2022 09:46:13, DPS310, P, 98994.55
25/02/2022 09:46:13, DPS310, P, 98994.34
25/02/2022 09:46:14, DPS310, P, 98994.88
25/02/2022 09:46:14, DPS310, P, 98994.84
25/02/2022 09:46:14, DPS310, P, 98994.38
25/02/2022 09:46:14, DPS310, P, 98994.61
25/02/2022 09:46:14, DPS310, P, 98995.06
25/02/2022 09:46:15, DPS310, P, 98994.64
25/02/2022 09:46:15, DPS310, P, 98994.44
25/02/2022 09:46:15, DPS310, P, 98994.41
25/02/2022 09:46:15, DPS310, P, 98994.35
25/02/2022 09:46:15, DPS310, P, 98994.50
25/02/2022 09:46:16, DPS310, P, 98994.39
25/02/2022 09:46:16, DPS310, P, 98994.29
25/02/2022 09:46:16, DPS310, P, 98994.56
25/02/2022 09:46:16, DPS310, P, 98994.31
25/02/2022 09:46:17, DPS310, P, 98994.25
25/02/2022 09:46:17, DPS310, P, 98994.36
25/02/2022 09:46:17, DPS310, P, 98994.26
25/02/2022 09:46:17, DPS310, P, 98994.10
25/02/2022 09:46:18, DPS310, P, 98994.45
25/02/2022 09:46:18, DPS310, P, 98994.09
25/02/2022 09:46:18, DPS310, P, 98994.58
25/02/2022 09:46:19, DPS310, P, 98994.16
25/02/2022 09:46:19, DPS310, P, 98994.25
25/02/2022 09:46:19, DPS310, P, 98993.95
25/02/2022 09:46:19, DPS310, P, 98994.23
25/02/2022 09:46:19, DPS310, P, 98994.40
25/02/2022 09:46:20, DPS310, P, 98994.64
25/02/2022 09:46:21, DPS310, P, 98994.30
25/02/2022 09:46:21, DPS310, P, 98994.39
25/02/2022 09:46:21, DPS310, P, 98994.45
25/02/2022 09:46:21, DPS310, P, 98994.37
25/02/2022 09:46:21, DPS310, P, 98994.63
25/02/2022 09:46:22, DPS310, P, 98994.63
25/02/2022 09:46:22, DPS310, P, 98994.71
25/02/2022 09:46:22, DPS310, P, 98994.79
25/02/2022 09:46:22, DPS310, P, 98994.81
25/02/2022 09:46:22, DPS310, P, 98995.14
25/02/2022 09:46:23, DPS310, P, 98994.74
25/02/2022 09:46:23, DPS310, P, 98995.07
25/02/2022 09:46:23, DPS310, P, 98995.16
25/02/2022 09:46:23, DPS310, P, 98995.53
25/02/2022 09:46:23, DPS310, P, 98995.16
25/02/2022 09:46:24, DPS310, P, 98995.25
25/02/2022 09:46:24, DPS310, P, 98995.24
25/02/2022 09:46:24, DPS310, P, 98995.35
25/02/2022 09:46:24, DPS310, P, 98995.25
25/02/2022 09:46:25, DPS310, P, 98995.17
25/02/2022 09:46:25, DPS310, P, 98995.39
25/02/2022 09:46:26, DPS310, P, 98995.28
25/02/2022 09:46:26, DPS310, P, 98995.46
25/02/2022 09:46:26, DPS310, P, 98994.98
25/02/2022 09:46:26, DPS310, P, 98995.24
25/02/2022 09:46:26, DPS310, P, 98995.13
25/02/2022 09:46:27, DPS310, P, 98995.10
25/02/2022 09:46:27, DPS310, P, 98995.05
25/02/2022 09:46:27, DPS310, P, 98995.28
25/02/2022 09:46:27, DPS310, P, 98995.00
25/02/2022 09:46:27, DPS310, P, 98995.17
25/02/2022 09:46:28, DPS310, P, 98995.15
25/02/2022 09:46:28, DPS310, P, 98994.76
25/02/2022 09:46:28, DPS310, P, 98994.96
25/02/2022 09:46:28, DPS310, P, 98995.23
25/02/2022 09:46:29, DPS310, P, 98994.99
25/02/2022 09:46:29, DPS310, P, 98995.07
25/02/2022 09:46:29, DPS310, P, 98994.72
25/02/2022 09:46:29, DPS310, P, 98994.60
25/02/2022 09:46:30, DPS310, P, 98994.75
25/02/2022 09:46:30, DPS310, P, 98994.42
25/02/2022 09:46:30, DPS310, P, 98994.52
25/02/2022 09:46:31, DPS310, P, 98994.25
25/02/2022 09:46:31, DPS310, P, 98994.60
25/02/2022 09:46:31, DPS310, P, 98994.71
25/02/2022 09:46:31, DPS310, P, 98994.18
25/02/2022 09:46:31, DPS310, P, 98994.77
25/02/2022 09:46:32, DPS310, P, 98994.41
25/02/2022 09:46:32, DPS310, P, 98994.33
25/02/2022 09:46:32, DPS310, P, 98994.29
25/02/2022 09:46:32, DPS310, P, 98994.17
25/02/2022 09:46:33, DPS310, P, 98994.29
25/02/2022 09:46:33, DPS310, P, 98994.07
25/02/2022 09:46:33, DPS310, P, 98994.27
25/02/2022 09:46:33, DPS310, P, 98994.30
25/02/2022 09:46:34, DPS310, P, 98994.10
25/02/2022 09:46:34, DPS310, P, 98994.18
25/02/2022 09:46:34, DPS310, P, 98994.19
25/02/2022 09:46:34, DPS310, P, 98994.30
25/02/2022 09:46:35, DPS310, P, 98994.11
25/02/2022 09:46:35, DPS310, P, 98993.93
25/02/2022 09:46:35, DPS310, P, 98994.27
25/02/2022 09:46:35, DPS310, P, 98994.38
25/02/2022 09:46:36, DPS310, P, 98994.19
25/02/2022 09:46:36, DPS310, P, 98994.25
25/02/2022 09:46:36, DPS310, P, 98993.92
25/02/2022 09:46:36, DPS310, P, 98994.13
25/02/2022 09:46:37, DPS310, P, 98994.10
25/02/2022 09:46:37, DPS310, P, 98993.79
25/02/2022 09:46:37, DPS310, P, 98994.19
25/02/2022 09:46:37, DPS310, P, 98993.88
25/02/2022 09:46:38, DPS310, P, 98993.99
25/02/2022 09:46:38, DPS310, P, 98994.00
25/02/2022 09:46:38, DPS310, P, 98994.43
25/02/2022 09:46:38, DPS310, P, 98994.03
25/02/2022 09:46:39, DPS310, P, 98994.19
25/02/2022 09:46:39, DPS310, P, 98994.23
25/02/2022 09:46:40, DPS310, P, 98993.93
25/02/2022 09:46:40, DPS310, P, 98993.85
25/02/2022 09:46:40, DPS310, P, 98993.85
25/02/2022 09:46:40, DPS310, P, 98993.94
25/02/2022 09:46:40, DPS310, P, 98994.07
25/02/2022 09:46:40, DPS310, P, 98993.89
25/02/2022 09:46:41, DPS310, P, 98993.28
25/02/2022 09:46:41, DPS310, P, 98993.80
25/02/2022 09:46:41, DPS310, P, 98993.86
25/02/2022 09:46:41, DPS310, P, 98993.34
25/02/2022 09:46:42, DPS310, P, 98993.57
25/02/2022 09:46:42, DPS310, P, 98993.32
25/02/2022 09:46:42, DPS310, P, 98993.14
25/02/2022 09:46:42, DPS310, P, 98993.13
25/02/2022 09:46:43, DPS310, P, 98993.28
25/02/2022 09:46:43, DPS310, P, 98992.96
25/02/2022 09:46:44, DPS310, P, 98992.84
25/02/2022 09:46:44, DPS310, P, 98992.93
25/02/2022 09:46:44, DPS310, P, 98992.96
25/02/2022 09:46:44, DPS310, P, 98993.06
25/02/2022 09:46:44, DPS310, P, 98993.13
25/02/2022 09:46:45, DPS310, P, 98993.01
25/02/2022 09:46:45, DPS310, P, 98992.96
25/02/2022 09:46:45, DPS310, P, 98993.43
25/02/2022 09:46:45, DPS310, P, 98993.38
25/02/2022 09:46:45, DPS310, P, 98992.96
25/02/2022 09:46:46, DPS310, P, 98993.10
25/02/2022 09:46:46, DPS310, P, 98993.42
25/02/2022 09:46:46, DPS310, P, 98993.10
25/02/2022 09:46:46, DPS310, P, 98993.10
25/02/2022 09:46:47, DPS310, P, 98993.35
25/02/2022 09:46:47, DPS310, P, 98993.53
25/02/2022 09:46:47, DPS310, P, 98993.00
25/02/2022 09:46:47, DPS310, P, 98992.97
25/02/2022 09:46:48, DPS310, P, 98993.05
25/02/2022 09:46:48, DPS310, P, 98993.28
25/02/2022 09:46:48, DPS310, P, 98993.50
25/02/2022 09:46:49, DPS310, P, 98993.32
25/02/2022 09:46:49, DPS310, P, 98993.52
25/02/2022 09:46:49, DPS310, P, 98993.26
25/02/2022 09:46:49, DPS310, P, 98993.45
25/02/2022 09:46:49, DPS310, P, 98993.44
25/02/2022 09:46:50, DPS310, P, 98993.35
25/02/2022 09:46:51, DPS310, P, 98993.04
25/02/2022 09:46:51, DPS310, P, 98993.25
25/02/2022 09:46:51, DPS310, P, 98993.31
25/02/2022 09:46:51, DPS310, P, 98993.32
25/02/2022 09:46:51, DPS310, P, 98993.28
25/02/2022 09:46:51, DPS310, P, 98993.13
25/02/2022 09:46:51, DPS310, P, 98992.89
25/02/2022 09:46:52, DPS310, P, 98993.19
25/02/2022 09:46:52, DPS310, P, 98993.31
25/02/2022 09:46:52, DPS310, P, 98993.05
25/02/2022 09:46:53, DPS310, P, 98993.19
25/02/2022 09:46:53, DPS310, P, 98993.14
25/02/2022 09:46:53, DPS310, P, 98992.93
25/02/2022 09:46:53, DPS310, P, 98993.13
25/02/2022 09:46:53, DPS310, P, 98993.07
25/02/2022 09:46:54, DPS310, P, 98993.24
25/02/2022 09:46:54, DPS310, P, 98993.02
25/02/2022 09:46:54, DPS310, P, 98993.05
25/02/2022 09:46:54, DPS310, P, 98992.53
25/02/2022 09:46:55, DPS310, P, 98992.57
25/02/2022 09:46:55, DPS310, P, 98992.71
25/02/2022 09:46:56, DPS310, P, 98992.91
25/02/2022 09:46:56, DPS310, P, 98992.32
25/02/2022 09:46:56, DPS310, P, 98992.75
25/02/2022 09:46:56, DPS310, P, 98992.10
25/02/2022 09:46:56, DPS310, P, 98992.82
25/02/2022 09:46:57, DPS310, P, 98992.44
25/02/2022 09:46:57, DPS310, P, 98992.52
25/02/2022 09:46:57, DPS310, P, 98992.38
25/02/2022 09:46:57, DPS310, P, 98992.65
25/02/2022 09:46:57, DPS310, P, 98992.68
25/02/2022 09:46:58, DPS310, P, 98992.38
25/02/2022 09:46:58, DPS310, P, 98992.50
25/02/2022 09:46:58, DPS310, P, 98992.86
25/02/2022 09:46:58, DPS310, P, 98992.64
25/02/2022 09:46:59, DPS310, P, 98992.75
25/02/2022 09:46:59, DPS310, P, 98992.33
25/02/2022 09:46:59, DPS310, P, 98992.27
25/02/2022 09:46:59, DPS310, P, 98992.21
25/02/2022 09:47:00, DPS310, P, 98992.96
25/02/2022 09:47:00, DPS310, P, 98992.60
25/02/2022 09:47:00, DPS310, P, 98992.76
25/02/2022 09:47:01, DPS310, P, 98992.54
25/02/2022 09:47:01, DPS310, P, 98993.21
25/02/2022 09:47:01, DPS310, P, 98992.76
25/02/2022 09:47:01, DPS310, P, 98992.92
25/02/2022 09:47:01, DPS310, P, 98993.24
25/02/2022 09:47:02, DPS310, P, 98993.21
25/02/2022 09:47:02, DPS310, P, 98993.31
25/02/2022 09:47:02, DPS310, P, 98992.92
25/02/2022 09:47:02, DPS310, P, 98993.04
25/02/2022 09:47:03, DPS310, P, 98992.76
25/02/2022 09:47:03, DPS310, P, 98992.74
25/02/2022 09:47:03, DPS310, P, 98992.84
25/02/2022 09:47:03, DPS310, P, 98992.64
25/02/2022 09:47:04, DPS310, P, 98992.64
25/02/2022 09:47:04, DPS310, P, 98992.60
25/02/2022 09:47:04, DPS310, P, 98992.88
25/02/2022 09:47:04, DPS310, P, 98992.64
25/02/2022 09:47:05, DPS310, P, 98992.60
25/02/2022 09:47:05, DPS310, P, 98992.17
25/02/2022 09:47:05, DPS310, P, 98992.75
25/02/2022 09:47:05, DPS310, P, 98992.54
25/02/2022 09:47:06, DPS310, P, 98992.62
25/02/2022 09:47:06, DPS310, P, 98992.69
25/02/2022 09:47:06, DPS310, P, 98992.54
25/02/2022 09:47:06, DPS310, P, 98992.75
25/02/2022 09:47:07, DPS310, P, 98992.63
25/02/2022 09:47:07, DPS310, P, 98992.58
25/02/2022 09:47:07, DPS310, P, 98992.04
25/02/2022 09:47:07, DPS310, P, 98992.40
25/02/2022 09:47:08, DPS310, P, 98992.18
25/02/2022 09:47:08, DPS310, P, 98992.25
25/02/2022 09:47:08, DPS310, P, 98991.71
25/02/2022 09:47:08, DPS310, P, 98992.02
25/02/2022 09:47:09, DPS310, P, 98991.53
25/02/2022 09:47:09, DPS310, P, 98991.96
25/02/2022 09:47:09, DPS310, P, 98991.78
25/02/2022 09:47:09, DPS310, P, 98992.00
25/02/2022 09:47:10, DPS310, P, 98992.06
25/02/2022 09:47:10, DPS310, P, 98992.14
25/02/2022 09:47:10, DPS310, P, 98991.85
25/02/2022 09:47:10, DPS310, P, 98991.99
25/02/2022 09:47:11, DPS310, P, 98992.11
25/02/2022 09:47:11, DPS310, P, 98991.89
25/02/2022 09:47:11, DPS310, P, 98992.13
25/02/2022 09:47:11, DPS310, P, 98991.92
25/02/2022 09:47:12, DPS310, P, 98991.93
25/02/2022 09:47:12, DPS310, P, 98991.46
25/02/2022 09:47:12, DPS310, P, 98991.78
25/02/2022 09:47:12, DPS310, P, 98991.56
25/02/2022 09:47:13, DPS310, P, 98991.91
25/02/2022 09:47:13, DPS310, P, 98991.84
25/02/2022 09:47:14, DPS310, P, 98991.96
25/02/2022 09:47:14, DPS310, P, 98992.06
25/02/2022 09:47:14, DPS310, P, 98992.25
25/02/2022 09:47:14, DPS310, P, 98992.29
25/02/2022 09:47:14, DPS310, P, 98991.94
25/02/2022 09:47:15, DPS310, P, 98991.87
25/02/2022 09:47:15, DPS310, P, 98991.74
25/02/2022 09:47:15, DPS310, P, 98992.06
25/02/2022 09:47:15, DPS310, P, 98992.22
25/02/2022 09:47:15, DPS310, P, 98991.93
25/02/2022 09:47:16, DPS310, P, 98992.35
25/02/2022 09:47:16, DPS310, P, 98991.89
25/02/2022 09:47:16, DPS310, P, 98992.03
25/02/2022 09:47:16, DPS310, P, 98992.20
25/02/2022 09:47:17, DPS310, P, 98992.32
25/02/2022 09:47:17, DPS310, P, 98991.85
25/02/2022 09:47:17, DPS310, P, 98991.81
25/02/2022 09:47:17, DPS310, P, 98992.10
25/02/2022 09:47:18, DPS310, P, 98992.26
25/02/2022 09:47:18, DPS310, P, 98991.88
25/02/2022 09:47:18, DPS310, P, 98992.02
25/02/2022 09:47:19, DPS310, P, 98992.35
25/02/2022 09:47:19, DPS310, P, 98991.99
25/02/2022 09:47:19, DPS310, P, 98992.16
25/02/2022 09:47:19, DPS310, P, 98992.05
25/02/2022 09:47:19, DPS310, P, 98991.96
25/02/2022 09:47:20, DPS310, P, 98991.77
25/02/2022 09:47:21, DPS310, P, 98991.94
25/02/2022 09:47:21, DPS310, P, 98991.92
25/02/2022 09:47:21, DPS310, P, 98991.47
25/02/2022 09:47:21, DPS310, P, 98991.84
25/02/2022 09:47:21, DPS310, P, 98991.87
25/02/2022 09:47:21, DPS310, P, 98991.88
25/02/2022 09:47:21, DPS310, P, 98991.73
25/02/2022 09:47:22, DPS310, P, 98991.78
25/02/2022 09:47:22, DPS310, P, 98991.56
25/02/2022 09:47:22, DPS310, P, 98991.59
25/02/2022 09:47:23, DPS310, P, 98991.67
25/02/2022 09:47:23, DPS310, P, 98991.89
25/02/2022 09:47:23, DPS310, P, 98991.82
25/02/2022 09:47:23, DPS310, P, 98991.92
25/02/2022 09:47:23, DPS310, P, 98992.29
25/02/2022 09:47:24, DPS310, P, 98991.56
25/02/2022 09:47:24, DPS310, P, 98991.72
25/02/2022 09:47:24, DPS310, P, 98991.78
25/02/2022 09:47:24, DPS310, P, 98991.72
25/02/2022 09:47:25, DPS310, P, 98991.63
25/02/2022 09:47:25, DPS310, P, 98991.75
25/02/2022 09:47:26, DPS310, P, 98991.66
25/02/2022 09:47:26, DPS310, P, 98991.51
25/02/2022 09:47:26, DPS310, P, 98991.43
25/02/2022 09:47:26, DPS310, P, 98991.83
25/02/2022 09:47:26, DPS310, P, 98991.64
25/02/2022 09:47:27, DPS310, P, 98991.96
25/02/2022 09:47:27, DPS310, P, 98991.82
25/02/2022 09:47:27, DPS310, P, 98991.78
25/02/2022 09:47:27, DPS310, P, 98991.94
25/02/2022 09:47:27, DPS310, P, 98991.50
25/02/2022 09:47:28, DPS310, P, 98991.70
25/02/2022 09:47:28, DPS310, P, 98991.89
25/02/2022 09:47:28, DPS310, P, 98991.62
25/02/2022 09:47:28, DPS310, P, 98991.91
25/02/2022 09:47:29, DPS310, P, 98991.91
25/02/2022 09:47:29, DPS310, P, 98991.45
25/02/2022 09:47:29, DPS310, P, 98991.60
25/02/2022 09:47:29, DPS310, P, 98991.72
25/02/2022 09:47:30, DPS310, P, 98991.55
25/02/2022 09:47:30, DPS310, P, 98991.81
25/02/2022 09:47:30, DPS310, P, 98991.44
25/02/2022 09:47:31, DPS310, P, 98991.71
25/02/2022 09:47:31, DPS310, P, 98992.14
25/02/2022 09:47:31, DPS310, P, 98992.18
25/02/2022 09:47:31, DPS310, P, 98991.78
25/02/2022 09:47:31, DPS310, P, 98991.84
25/02/2022 09:47:32, DPS310, P, 98992.00
25/02/2022 09:47:32, DPS310, P, 98991.89
25/02/2022 09:47:32, DPS310, P, 98991.76
25/02/2022 09:47:32, DPS310, P, 98991.29
25/02/2022 09:47:33, DPS310, P, 98991.23
25/02/2022 09:47:33, DPS310, P, 98991.32
25/02/2022 09:47:33, DPS310, P, 98991.24
25/02/2022 09:47:33, DPS310, P, 98991.17
25/02/2022 09:47:34, DPS310, P, 98991.02
25/02/2022 09:47:34, DPS310, P, 98991.42
25/02/2022 09:47:34, DPS310, P, 98991.51
25/02/2022 09:47:34, DPS310, P, 98991.04
25/02/2022 09:47:35, DPS310, P, 98990.78
25/02/2022 09:47:35, DPS310, P, 98990.90
25/02/2022 09:47:35, DPS310, P, 98991.28
25/02/2022 09:47:35, DPS310, P, 98990.85
25/02/2022 09:47:36, DPS310, P, 98990.83
25/02/2022 09:47:36, DPS310, P, 98990.97
25/02/2022 09:47:36, DPS310, P, 98990.83
25/02/2022 09:47:36, DPS310, P, 98990.89
25/02/2022 09:47:37, DPS310, P, 98990.90
25/02/2022 09:47:37, DPS310, P, 98990.93
25/02/2022 09:47:37, DPS310, P, 98990.93
25/02/2022 09:47:37, DPS310, P, 98990.89
25/02/2022 09:47:38, DPS310, P, 98991.03
25/02/2022 09:47:38, DPS310, P, 98990.75
25/02/2022 09:47:38, DPS310, P, 98990.82
25/02/2022 09:47:38, DPS310, P, 98991.11
25/02/2022 09:47:39, DPS310, P, 98991.12
25/02/2022 09:47:39, DPS310, P, 98991.28
25/02/2022 09:47:39, DPS310, P, 98991.23
25/02/2022 09:47:39, DPS310, P, 98991.32
25/02/2022 09:47:40, DPS310, P, 98990.91
25/02/2022 09:47:40, DPS310, P, 98991.17
25/02/2022 09:47:40, DPS310, P, 98991.00
25/02/2022 09:47:40, DPS310, P, 98991.04
25/02/2022 09:47:41, DPS310, P, 98990.98
25/02/2022 09:47:41, DPS310, P, 98990.82
25/02/2022 09:47:41, DPS310, P, 98990.63
25/02/2022 09:47:41, DPS310, P, 98990.64
25/02/2022 09:47:42, DPS310, P, 98990.67
25/02/2022 09:47:42, DPS310, P, 98990.65
25/02/2022 09:47:42, DPS310, P, 98990.58
25/02/2022 09:47:42, DPS310, P, 98990.89
25/02/2022 09:47:43, DPS310, P, 98990.89
25/02/2022 09:47:43, DPS310, P, 98990.56
25/02/2022 09:47:43, DPS310, P, 98990.78
25/02/2022 09:47:43, DPS310, P, 98990.19
25/02/2022 09:47:44, DPS310, P, 98990.56
25/02/2022 09:47:44, DPS310, P, 98990.65
25/02/2022 09:47:44, DPS310, P, 98990.49
25/02/2022 09:47:45, DPS310, P, 98990.52
25/02/2022 09:47:45, DPS310, P, 98990.57
25/02/2022 09:47:45, DPS310, P, 98990.35
25/02/2022 09:47:45, DPS310, P, 98990.14
25/02/2022 09:47:45, DPS310, P, 98990.14
25/02/2022 09:47:46, DPS310, P, 98990.39
25/02/2022 09:47:46, DPS310, P, 98990.13
25/02/2022 09:47:46, DPS310, P, 98990.57
25/02/2022 09:47:46, DPS310, P, 98990.46
25/02/2022 09:47:47, DPS310, P, 98990.75
25/02/2022 09:47:47, DPS310, P, 98990.64
25/02/2022 09:47:47, DPS310, P, 98990.86
25/02/2022 09:47:47, DPS310, P, 98990.17
25/02/2022 09:47:48, DPS310, P, 98990.74
25/02/2022 09:47:48, DPS310, P, 98990.36
25/02/2022 09:47:48, DPS310, P, 98991.03
25/02/2022 09:47:49, DPS310, P, 98990.46
25/02/2022 09:47:49, DPS310, P, 98990.67
25/02/2022 09:47:49, DPS310, P, 98990.56
25/02/2022 09:47:49, DPS310, P, 98990.75
25/02/2022 09:47:49, DPS310, P, 98990.56
25/02/2022 09:47:50, DPS310, P, 98991.00
25/02/2022 09:47:51, DPS310, P, 98990.66
25/02/2022 09:47:51, DPS310, P, 98990.72
25/02/2022 09:47:51, DPS310, P, 98990.35
25/02/2022 09:47:51, DPS310, P, 98990.33
25/02/2022 09:47:51, DPS310, P, 98990.35
25/02/2022 09:47:51, DPS310, P, 98990.92
25/02/2022 09:47:51, DPS310, P, 98991.00
25/02/2022 09:47:52, DPS310, P, 98990.78
25/02/2022 09:47:52, DPS310, P, 98990.56
25/02/2022 09:47:52, DPS310, P, 98990.75
25/02/2022 09:47:53, DPS310, P, 98990.75
25/02/2022 09:47:53, DPS310, P, 98990.64
25/02/2022 09:47:53, DPS310, P, 98990.82
25/02/2022 09:47:53, DPS310, P, 98990.70
25/02/2022 09:47:53, DPS310, P, 98991.01
25/02/2022 09:47:54, DPS310, P, 98990.92
25/02/2022 09:47:54, DPS310, P, 98991.03
25/02/2022 09:47:54, DPS310, P, 98991.05
25/02/2022 09:47:54, DPS310, P, 98990.96
25/02/2022 09:47:55, DPS310, P, 98991.07
25/02/2022 09:47:55, DPS310, P, 98991.25
25/02/2022 09:47:56, DPS310, P, 98991.04
25/02/2022 09:47:56, DPS310, P, 98991.23
25/02/2022 09:47:56, DPS310, P, 98990.97
25/02/2022 09:47:56, DPS310, P, 98991.19
25/02/2022 09:47:56, DPS310, P, 98990.89
25/02/2022 09:47:57, DPS310, P, 98990.82
25/02/2022 09:47:57, DPS310, P, 98991.34
25/02/2022 09:47:57, DPS310, P, 98990.96
25/02/2022 09:47:57, DPS310, P, 98991.29
25/02/2022 09:47:57, DPS310, P, 98991.11
25/02/2022 09:47:58, DPS310, P, 98990.75
25/02/2022 09:47:58, DPS310, P, 98990.96
25/02/2022 09:47:58, DPS310, P, 98990.77
25/02/2022 09:47:58, DPS310, P, 98990.97
25/02/2022 09:47:59, DPS310, P, 98990.78
25/02/2022 09:47:59, DPS310, P, 98990.70
25/02/2022 09:47:59, DPS310, P, 98991.28
25/02/2022 09:47:59, DPS310, P, 98991.05
25/02/2022 09:48:00, DPS310, P, 98990.94
25/02/2022 09:48:00, DPS310, P, 98991.00
25/02/2022 09:48:00, DPS310, P, 98990.89
25/02/2022 09:48:01, DPS310, P, 98990.99
25/02/2022 09:48:01, DPS310, P, 98990.71
25/02/2022 09:48:01, DPS310, P, 98990.92
25/02/2022 09:48:01, DPS310, P, 98990.92
25/02/2022 09:48:01, DPS310, P, 98991.22
25/02/2022 09:48:02, DPS310, P, 98990.92
25/02/2022 09:48:02, DPS310, P, 98991.14
25/02/2022 09:48:02, DPS310, P, 98990.60
25/02/2022 09:48:02, DPS310, P, 98991.12
25/02/2022 09:48:03, DPS310, P, 98991.09
25/02/2022 09:48:03, DPS310, P, 98990.92
25/02/2022 09:48:03, DPS310, P, 98991.10
25/02/2022 09:48:03, DPS310, P, 98991.34
25/02/2022 09:48:04, DPS310, P, 98991.39
25/02/2022 09:48:04, DPS310, P, 98991.83
25/02/2022 09:48:04, DPS310, P, 98991.53
25/02/2022 09:48:04, DPS310, P, 98991.81
25/02/2022 09:48:05, DPS310, P, 98991.57
25/02/2022 09:48:05, DPS310, P, 98991.53
25/02/2022 09:48:05, DPS310, P, 98991.49
25/02/2022 09:48:05, DPS310, P, 98991.59
25/02/2022 09:48:06, DPS310, P, 98992.07
25/02/2022 09:48:06, DPS310, P, 98991.92
25/02/2022 09:48:06, DPS310, P, 98991.69
25/02/2022 09:48:06, DPS310, P, 98992.14
25/02/2022 09:48:07, DPS310, P, 98991.94
25/02/2022 09:48:07, DPS310, P, 98992.18
25/02/2022 09:48:07, DPS310, P, 98992.14
25/02/2022 09:48:07, DPS310, P, 98991.91
25/02/2022 09:48:08, DPS310, P, 98992.25
25/02/2022 09:48:08, DPS310, P, 98992.16
25/02/2022 09:48:08, DPS310, P, 98992.09
25/02/2022 09:48:08, DPS310, P, 98992.19
25/02/2022 09:48:09, DPS310, P, 98991.86
25/02/2022 09:48:09, DPS310, P, 98991.95
25/02/2022 09:48:09, DPS310, P, 98991.77
25/02/2022 09:48:09, DPS310, P, 98991.35
25/02/2022 09:48:10, DPS310, P, 98991.78
25/02/2022 09:48:10, DPS310, P, 98991.17
25/02/2022 09:48:10, DPS310, P, 98991.23
25/02/2022 09:48:10, DPS310, P, 98991.39
25/02/2022 09:48:11, DPS310, P, 98991.42
25/02/2022 09:48:11, DPS310, P, 98991.59
25/02/2022 09:48:11, DPS310, P, 98991.41
25/02/2022 09:48:11, DPS310, P, 98991.30
25/02/2022 09:48:12, DPS310, P, 98991.23
25/02/2022 09:48:12, DPS310, P, 98991.03
25/02/2022 09:48:12, DPS310, P, 98990.79
25/02/2022 09:48:12, DPS310, P, 98990.64
25/02/2022 09:48:13, DPS310, P, 98990.71
25/02/2022 09:48:13, DPS310, P, 98990.71
25/02/2022 09:48:13, DPS310, P, 98990.47
25/02/2022 09:48:13, DPS310, P, 98990.20
25/02/2022 09:48:14, DPS310, P, 98990.38
25/02/2022 09:48:14, DPS310, P, 98990.42
25/02/2022 09:48:14, DPS310, P, 98990.71
25/02/2022 09:48:15, DPS310, P, 98990.81
25/02/2022 09:48:15, DPS310, P, 98990.75
25/02/2022 09:48:15, DPS310, P, 98990.71
25/02/2022 09:48:15, DPS310, P, 98991.12
25/02/2022 09:48:15, DPS310, P, 98990.82
25/02/2022 09:48:16, DPS310, P, 98990.45
25/02/2022 09:48:16, DPS310, P, 98990.82
25/02/2022 09:48:16, DPS310, P, 98990.98
25/02/2022 09:48:16, DPS310, P, 98991.12
25/02/2022 09:48:17, DPS310, P, 98991.28
25/02/2022 09:48:17, DPS310, P, 98990.63
25/02/2022 09:48:18, DPS310, P, 98991.09
25/02/2022 09:48:18, DPS310, P, 98991.23
25/02/2022 09:48:18, DPS310, P, 98991.00
25/02/2022 09:48:18, DPS310, P, 98991.07
25/02/2022 09:48:18, DPS310, P, 98990.72
25/02/2022 09:48:19, DPS310, P, 98991.07
25/02/2022 09:48:19, DPS310, P, 98991.00
25/02/2022 09:48:19, DPS310, P, 98990.96
25/02/2022 09:48:19, DPS310, P, 98991.43
25/02/2022 09:48:19, DPS310, P, 98991.54
25/02/2022 09:48:20, DPS310, P, 98991.18
25/02/2022 09:48:21, DPS310, P, 98991.45
25/02/2022 09:48:21, DPS310, P, 98991.23
25/02/2022 09:48:21, DPS310, P, 98991.66
25/02/2022 09:48:21, DPS310, P, 98991.86
25/02/2022 09:48:21, DPS310, P, 98991.80
25/02/2022 09:48:22, DPS310, P, 98991.64
25/02/2022 09:48:22, DPS310, P, 98991.65
25/02/2022 09:48:22, DPS310, P, 98991.76
25/02/2022 09:48:22, DPS310, P, 98991.44
25/02/2022 09:48:22, DPS310, P, 98991.67
25/02/2022 09:48:23, DPS310, P, 98991.53
25/02/2022 09:48:23, DPS310, P, 98991.28
25/02/2022 09:48:23, DPS310, P, 98991.17
25/02/2022 09:48:23, DPS310, P, 98991.28
25/02/2022 09:48:23, DPS310, P, 98991.63
25/02/2022 09:48:24, DPS310, P, 98991.30
25/02/2022 09:48:24, DPS310, P, 98991.39
25/02/2022 09:48:24, DPS310, P, 98991.14
25/02/2022 09:48:24, DPS310, P, 98991.40
25/02/2022 09:48:25, DPS310, P, 98991.49
25/02/2022 09:48:25, DPS310, P, 98991.43
25/02/2022 09:48:26, DPS310, P, 98991.36
25/02/2022 09:48:26, DPS310, P, 98991.24
25/02/2022 09:48:26, DPS310, P, 98991.46
25/02/2022 09:48:26, DPS310, P, 98991.33
25/02/2022 09:48:26, DPS310, P, 98990.96
25/02/2022 09:48:27, DPS310, P, 98991.00
25/02/2022 09:48:27, DPS310, P, 98991.03
25/02/2022 09:48:27, DPS310, P, 98991.17
25/02/2022 09:48:27, DPS310, P, 98990.97
25/02/2022 09:48:27, DPS310, P, 98990.83
25/02/2022 09:48:28, DPS310, P, 98990.74
25/02/2022 09:48:28, DPS310, P, 98990.94
25/02/2022 09:48:28, DPS310, P, 98991.24
25/02/2022 09:48:28, DPS310, P, 98990.85
25/02/2022 09:48:29, DPS310, P, 98991.39
25/02/2022 09:48:29, DPS310, P, 98991.43
25/02/2022 09:48:29, DPS310, P, 98991.48
25/02/2022 09:48:29, DPS310, P, 98991.26
25/02/2022 09:48:30, DPS310, P, 98991.14
25/02/2022 09:48:30, DPS310, P, 98991.65
25/02/2022 09:48:30, DPS310, P, 98991.00
25/02/2022 09:48:31, DPS310, P, 98991.05
25/02/2022 09:48:31, DPS310, P, 98990.82
25/02/2022 09:48:31, DPS310, P, 98990.88
25/02/2022 09:48:31, DPS310, P, 98990.81
25/02/2022 09:48:31, DPS310, P, 98990.85
25/02/2022 09:48:32, DPS310, P, 98991.10
25/02/2022 09:48:32, DPS310, P, 98991.10
25/02/2022 09:48:32, DPS310, P, 98990.90
25/02/2022 09:48:32, DPS310, P, 98990.89
25/02/2022 09:48:33, DPS310, P, 98990.85
25/02/2022 09:48:33, DPS310, P, 98990.89
25/02/2022 09:48:33, DPS310, P, 98990.93
25/02/2022 09:48:33, DPS310, P, 98990.59
25/02/2022 09:48:34, DPS310, P, 98990.84
25/02/2022 09:48:34, DPS310, P, 98991.28
25/02/2022 09:48:34, DPS310, P, 98990.66
25/02/2022 09:48:34, DPS310, P, 98990.52
25/02/2022 09:48:35, DPS310, P, 98990.55
25/02/2022 09:48:35, DPS310, P, 98990.30
25/02/2022 09:48:35, DPS310, P, 98990.57
25/02/2022 09:48:35, DPS310, P, 98990.56
25/02/2022 09:48:36, DPS310, P, 98990.52
25/02/2022 09:48:36, DPS310, P, 98990.52
25/02/2022 09:48:36, DPS310, P, 98990.47
25/02/2022 09:48:36, DPS310, P, 98990.06
25/02/2022 09:48:37, DPS310, P, 98989.96
25/02/2022 09:48:37, DPS310, P, 98990.28
25/02/2022 09:48:37, DPS310, P, 98990.04
25/02/2022 09:48:37, DPS310, P, 98990.02
25/02/2022 09:48:38, DPS310, P, 98989.96
25/02/2022 09:48:38, DPS310, P, 98990.03
25/02/2022 09:48:38, DPS310, P, 98990.23
25/02/2022 09:48:38, DPS310, P, 98990.03
25/02/2022 09:48:39, DPS310, P, 98990.02
25/02/2022 09:48:39, DPS310, P, 98990.08
25/02/2022 09:48:39, DPS310, P, 98990.24
25/02/2022 09:48:39, DPS310, P, 98989.91
25/02/2022 09:48:40, DPS310, P, 98990.31
25/02/2022 09:48:40, DPS310, P, 98990.15
25/02/2022 09:48:40, DPS310, P, 98990.15
25/02/2022 09:48:40, DPS310, P, 98989.96
25/02/2022 09:48:41, DPS310, P, 98989.50
25/02/2022 09:48:41, DPS310, P, 98989.91
25/02/2022 09:48:41, DPS310, P, 98990.05
25/02/2022 09:48:41, DPS310, P, 98990.33
25/02/2022 09:48:42, DPS310, P, 98990.29
25/02/2022 09:48:42, DPS310, P, 98990.46
25/02/2022 09:48:42, DPS310, P, 98990.49
25/02/2022 09:48:42, DPS310, P, 98990.25
25/02/2022 09:48:43, DPS310, P, 98990.70
25/02/2022 09:48:43, DPS310, P, 98990.17
25/02/2022 09:48:43, DPS310, P, 98990.46
25/02/2022 09:48:43, DPS310, P, 98990.29
25/02/2022 09:48:44, DPS310, P, 98990.35
25/02/2022 09:48:44, DPS310, P, 98990.64
25/02/2022 09:48:44, DPS310, P, 98990.50
25/02/2022 09:48:45, DPS310, P, 98990.45
25/02/2022 09:48:45, DPS310, P, 98990.28
25/02/2022 09:48:45, DPS310, P, 98990.48
25/02/2022 09:48:45, DPS310, P, 98990.57
25/02/2022 09:48:45, DPS310, P, 98990.55
25/02/2022 09:48:46, DPS310, P, 98990.50
25/02/2022 09:48:46, DPS310, P, 98990.42
25/02/2022 09:48:46, DPS310, P, 98990.45
25/02/2022 09:48:46, DPS310, P, 98990.46
25/02/2022 09:48:47, DPS310, P, 98990.14
25/02/2022 09:48:47, DPS310, P, 98990.45
25/02/2022 09:48:47, DPS310, P, 98990.37
25/02/2022 09:48:47, DPS310, P, 98990.09
25/02/2022 09:48:48, DPS310, P, 98990.08
25/02/2022 09:48:48, DPS310, P, 98989.92
25/02/2022 09:48:48, DPS310, P, 98989.97
25/02/2022 09:48:49, DPS310, P, 98990.07
25/02/2022 09:48:49, DPS310, P, 98989.73
25/02/2022 09:48:49, DPS310, P, 98990.02
25/02/2022 09:48:49, DPS310, P, 98989.86
25/02/2022 09:48:49, DPS310, P, 98989.79
25/02/2022 09:48:50, DPS310, P, 98989.93
25/02/2022 09:48:51, DPS310, P, 98989.99
25/02/2022 09:48:51, DPS310, P, 98990.00
25/02/2022 09:48:51, DPS310, P, 98990.13
25/02/2022 09:48:51, DPS310, P, 98990.17
25/02/2022 09:48:51, DPS310, P, 98989.81
25/02/2022 09:48:52, DPS310, P, 98990.11
25/02/2022 09:48:52, DPS310, P, 98990.27
25/02/2022 09:48:52, DPS310, P, 98990.11
25/02/2022 09:48:52, DPS310, P, 98989.95
25/02/2022 09:48:52, DPS310, P, 98989.86
25/02/2022 09:48:53, DPS310, P, 98990.11
25/02/2022 09:48:53, DPS310, P, 98989.76
25/02/2022 09:48:53, DPS310, P, 98990.17
25/02/2022 09:48:53, DPS310, P, 98990.14
25/02/2022 09:48:53, DPS310, P, 98990.02
25/02/2022 09:48:54, DPS310, P, 98990.42
25/02/2022 09:48:54, DPS310, P, 98990.66
25/02/2022 09:48:54, DPS310, P, 98990.46
25/02/2022 09:48:54, DPS310, P, 98990.15
25/02/2022 09:48:55, DPS310, P, 98990.33
25/02/2022 09:48:55, DPS310, P, 98990.33
25/02/2022 09:48:56, DPS310, P, 98990.42
25/02/2022 09:48:56, DPS310, P, 98990.24
25/02/2022 09:48:56, DPS310, P, 98990.28
25/02/2022 09:48:56, DPS310, P, 98990.28
25/02/2022 09:48:56, DPS310, P, 98990.32
25/02/2022 09:48:57, DPS310, P, 98990.20
25/02/2022 09:48:57, DPS310, P, 98990.26
25/02/2022 09:48:57, DPS310, P, 98990.14
25/02/2022 09:48:57, DPS310, P, 98990.25
25/02/2022 09:48:57, DPS310, P, 98990.39
25/02/2022 09:48:58, DPS310, P, 98990.10
25/02/2022 09:48:58, DPS310, P, 98990.44
25/02/2022 09:48:58, DPS310, P, 98990.21
25/02/2022 09:48:58, DPS310, P, 98990.46
25/02/2022 09:48:59, DPS310, P, 98990.25
25/02/2022 09:48:59, DPS310, P, 98990.11
25/02/2022 09:48:59, DPS310, P, 98990.33
25/02/2022 09:48:59, DPS310, P, 98990.41
25/02/2022 09:49:00, DPS310, P, 98990.22
25/02/2022 09:49:00, DPS310, P, 98990.51
25/02/2022 09:49:00, DPS310, P, 98990.32
25/02/2022 09:49:01, DPS310, P, 98990.16
25/02/2022 09:49:01, DPS310, P, 98990.01
25/02/2022 09:49:01, DPS310, P, 98990.03
25/02/2022 09:49:01, DPS310, P, 98990.30
25/02/2022 09:49:01, DPS310, P, 98989.91
25/02/2022 09:49:02, DPS310, P, 98990.35
25/02/2022 09:49:02, DPS310, P, 98989.75
25/02/2022 09:49:02, DPS310, P, 98989.96
25/02/2022 09:49:03, DPS310, P, 98989.92
25/02/2022 09:49:03, DPS310, P, 98990.10
25/02/2022 09:49:03, DPS310, P, 98989.93
25/02/2022 09:49:03, DPS310, P, 98989.71
25/02/2022 09:49:03, DPS310, P, 98989.78
25/02/2022 09:49:04, DPS310, P, 98989.78
25/02/2022 09:49:04, DPS310, P, 98989.64
25/02/2022 09:49:04, DPS310, P, 98989.82
25/02/2022 09:49:04, DPS310, P, 98989.73
25/02/2022 09:49:05, DPS310, P, 98990.01
25/02/2022 09:49:05, DPS310, P, 98989.92
25/02/2022 09:49:05, DPS310, P, 98989.53
25/02/2022 09:49:05, DPS310, P, 98989.89
25/02/2022 09:49:06, DPS310, P, 98989.69
25/02/2022 09:49:06, DPS310, P, 98989.92
25/02/2022 09:49:06, DPS310, P, 98989.85
25/02/2022 09:49:06, DPS310, P, 98990.34
25/02/2022 09:49:07, DPS310, P, 98990.33
25/02/2022 09:49:07, DPS310, P, 98990.02
25/02/2022 09:49:07, DPS310, P, 98990.18
25/02/2022 09:49:07, DPS310, P, 98989.84
25/02/2022 09:49:08, DPS310, P, 98990.20
25/02/2022 09:49:08, DPS310, P, 98990.13
25/02/2022 09:49:08, DPS310, P, 98990.29
25/02/2022 09:49:08, DPS310, P, 98990.05
25/02/2022 09:49:09, DPS310, P, 98990.33
25/02/2022 09:49:09, DPS310, P, 98989.93
25/02/2022 09:49:10, DPS310, P, 98989.85
25/02/2022 09:49:10, DPS310, P, 98990.00
25/02/2022 09:49:10, DPS310, P, 98989.97
25/02/2022 09:49:10, DPS310, P, 98990.21
25/02/2022 09:49:10, DPS310, P, 98990.16
25/02/2022 09:49:10, DPS310, P, 98989.93
25/02/2022 09:49:11, DPS310, P, 98990.17
25/02/2022 09:49:11, DPS310, P, 98989.89
25/02/2022 09:49:11, DPS310, P, 98990.16
25/02/2022 09:49:11, DPS310, P, 98990.00
25/02/2022 09:49:12, DPS310, P, 98990.13
25/02/2022 09:49:12, DPS310, P, 98990.18
25/02/2022 09:49:12, DPS310, P, 98990.00
25/02/2022 09:49:12, DPS310, P, 98989.93
25/02/2022 09:49:13, DPS310, P, 98989.48
25/02/2022 09:49:13, DPS310, P, 98989.79
25/02/2022 09:49:14, DPS310, P, 98989.77
25/02/2022 09:49:14, DPS310, P, 98989.65
25/02/2022 09:49:14, DPS310, P, 98989.75
25/02/2022 09:49:14, DPS310, P, 98989.95
25/02/2022 09:49:14, DPS310, P, 98989.90
25/02/2022 09:49:15, DPS310, P, 98989.73
25/02/2022 09:49:15, DPS310, P, 98989.53
25/02/2022 09:49:15, DPS310, P, 98989.62
25/02/2022 09:49:15, DPS310, P, 98989.41
25/02/2022 09:49:15, DPS310, P, 98989.60
25/02/2022 09:49:16, DPS310, P, 98989.35
25/02/2022 09:49:16, DPS310, P, 98989.40
25/02/2022 09:49:16, DPS310, P, 98989.35
25/02/2022 09:49:16, DPS310, P, 98989.46
25/02/2022 09:49:17, DPS310, P, 98989.39
25/02/2022 09:49:17, DPS310, P, 98989.29
25/02/2022 09:49:18, DPS310, P, 98989.69
25/02/2022 09:49:18, DPS310, P, 98989.60
25/02/2022 09:49:18, DPS310, P, 98989.38
25/02/2022 09:49:18, DPS310, P, 98989.49
25/02/2022 09:49:18, DPS310, P, 98989.17
25/02/2022 09:49:19, DPS310, P, 98989.21
25/02/2022 09:49:19, DPS310, P, 98989.43
25/02/2022 09:49:19, DPS310, P, 98989.39
25/02/2022 09:49:19, DPS310, P, 98989.42
25/02/2022 09:49:19, DPS310, P, 98989.50
25/02/2022 09:49:20, DPS310, P, 98989.83
25/02/2022 09:49:21, DPS310, P, 98989.61
25/02/2022 09:49:21, DPS310, P, 98989.62
25/02/2022 09:49:21, DPS310, P, 98989.64
25/02/2022 09:49:21, DPS310, P, 98989.86
25/02/2022 09:49:21, DPS310, P, 98989.57
25/02/2022 09:49:22, DPS310, P, 98989.39
25/02/2022 09:49:22, DPS310, P, 98989.75
25/02/2022 09:49:22, DPS310, P, 98989.60
25/02/2022 09:49:22, DPS310, P, 98989.55
25/02/2022 09:49:22, DPS310, P, 98989.84
25/02/2022 09:49:23, DPS310, P, 98989.75
25/02/2022 09:49:23, DPS310, P, 98989.86
25/02/2022 09:49:23, DPS310, P, 98989.62
25/02/2022 09:49:23, DPS310, P, 98989.66
25/02/2022 09:49:23, DPS310, P, 98989.38
25/02/2022 09:49:24, DPS310, P, 98989.65
25/02/2022 09:49:24, DPS310, P, 98989.66
25/02/2022 09:49:24, DPS310, P, 98989.39
25/02/2022 09:49:24, DPS310, P, 98989.80
25/02/2022 09:49:25, DPS310, P, 98989.57
25/02/2022 09:49:25, DPS310, P, 98989.65
25/02/2022 09:49:26, DPS310, P, 98989.39
25/02/2022 09:49:26, DPS310, P, 98989.42
25/02/2022 09:49:26, DPS310, P, 98989.46
25/02/2022 09:49:26, DPS310, P, 98989.61
25/02/2022 09:49:26, DPS310, P, 98989.76
25/02/2022 09:49:27, DPS310, P, 98989.57
25/02/2022 09:49:27, DPS310, P, 98989.17
25/02/2022 09:49:27, DPS310, P, 98989.72
25/02/2022 09:49:27, DPS310, P, 98989.53
25/02/2022 09:49:27, DPS310, P, 98989.19
25/02/2022 09:49:28, DPS310, P, 98989.24
25/02/2022 09:49:28, DPS310, P, 98989.33
25/02/2022 09:49:28, DPS310, P, 98989.28
25/02/2022 09:49:28, DPS310, P, 98989.14
25/02/2022 09:49:29, DPS310, P, 98989.32
25/02/2022 09:49:29, DPS310, P, 98989.31
25/02/2022 09:49:29, DPS310, P, 98989.51
25/02/2022 09:49:29, DPS310, P, 98989.21
25/02/2022 09:49:30, DPS310, P, 98989.36
25/02/2022 09:49:30, DPS310, P, 98989.24
25/02/2022 09:49:30, DPS310, P, 98989.46
25/02/2022 09:49:31, DPS310, P, 98989.50
25/02/2022 09:49:31, DPS310, P, 98989.58
25/02/2022 09:49:31, DPS310, P, 98989.43
25/02/2022 09:49:31, DPS310, P, 98989.19
25/02/2022 09:49:31, DPS310, P, 98989.51
25/02/2022 09:49:32, DPS310, P, 98989.61
25/02/2022 09:49:32, DPS310, P, 98989.46
25/02/2022 09:49:32, DPS310, P, 98989.53
25/02/2022 09:49:32, DPS310, P, 98989.64
25/02/2022 09:49:33, DPS310, P, 98989.35
25/02/2022 09:49:33, DPS310, P, 98989.79
25/02/2022 09:49:33, DPS310, P, 98989.82
25/02/2022 09:49:33, DPS310, P, 98989.89
25/02/2022 09:49:34, DPS310, P, 98989.33
25/02/2022 09:49:34, DPS310, P, 98989.32
25/02/2022 09:49:34, DPS310, P, 98989.46
25/02/2022 09:49:34, DPS310, P, 98989.57
25/02/2022 09:49:35, DPS310, P, 98989.14
25/02/2022 09:49:35, DPS310, P, 98989.51
25/02/2022 09:49:35, DPS310, P, 98989.51
25/02/2022 09:49:35, DPS310, P, 98989.46
25/02/2022 09:49:36, DPS310, P, 98989.29
25/02/2022 09:49:36, DPS310, P, 98989.35
25/02/2022 09:49:36, DPS310, P, 98989.64
25/02/2022 09:49:36, DPS310, P, 98988.99
25/02/2022 09:49:37, DPS310, P, 98989.55
25/02/2022 09:49:37, DPS310, P, 98989.39
25/02/2022 09:49:37, DPS310, P, 98989.51
25/02/2022 09:49:37, DPS310, P, 98989.51
25/02/2022 09:49:38, DPS310, P, 98989.24
25/02/2022 09:49:38, DPS310, P, 98988.96
25/02/2022 09:49:38, DPS310, P, 98989.39
25/02/2022 09:49:38, DPS310, P, 98989.46
25/02/2022 09:49:39, DPS310, P, 98989.54
25/02/2022 09:49:39, DPS310, P, 98989.18
25/02/2022 09:49:40, DPS310, P, 98989.36
25/02/2022 09:49:40, DPS310, P, 98989.39
25/02/2022 09:49:40, DPS310, P, 98989.41
25/02/2022 09:49:40, DPS310, P, 98989.67
25/02/2022 09:49:40, DPS310, P, 98989.60
25/02/2022 09:49:40, DPS310, P, 98988.91
25/02/2022 09:49:41, DPS310, P, 98989.42
25/02/2022 09:49:41, DPS310, P, 98989.53
25/02/2022 09:49:41, DPS310, P, 98989.72
25/02/2022 09:49:41, DPS310, P, 98989.53
25/02/2022 09:49:42, DPS310, P, 98989.35
25/02/2022 09:49:42, DPS310, P, 98989.14
25/02/2022 09:49:42, DPS310, P, 98989.58
25/02/2022 09:49:42, DPS310, P, 98989.40
25/02/2022 09:49:43, DPS310, P, 98989.54
25/02/2022 09:49:43, DPS310, P, 98988.96
25/02/2022 09:49:44, DPS310, P, 98989.35
25/02/2022 09:49:44, DPS310, P, 98989.25
25/02/2022 09:49:44, DPS310, P, 98989.09
25/02/2022 09:49:44, DPS310, P, 98989.52
25/02/2022 09:49:44, DPS310, P, 98989.43
25/02/2022 09:49:45, DPS310, P, 98989.71
25/02/2022 09:49:45, DPS310, P, 98989.68
25/02/2022 09:49:45, DPS310, P, 98989.53
25/02/2022 09:49:45, DPS310, P, 98989.63
25/02/2022 09:49:45, DPS310, P, 98989.82
25/02/2022 09:49:46, DPS310, P, 98989.50
25/02/2022 09:49:46, DPS310, P, 98989.51
25/02/2022 09:49:46, DPS310, P, 98989.86
25/02/2022 09:49:46, DPS310, P, 98989.31
25/02/2022 09:49:47, DPS310, P, 98989.42
25/02/2022 09:49:47, DPS310, P, 98989.75
25/02/2022 09:49:47, DPS310, P, 98989.72
25/02/2022 09:49:47, DPS310, P, 98990.26
25/02/2022 09:49:48, DPS310, P, 98989.97
25/02/2022 09:49:48, DPS310, P, 98989.51
25/02/2022 09:49:48, DPS310, P, 98989.91
25/02/2022 09:49:49, DPS310, P, 98989.68
25/02/2022 09:49:49, DPS310, P, 98989.82
25/02/2022 09:49:49, DPS310, P, 98990.09
25/02/2022 09:49:49, DPS310, P, 98989.64
25/02/2022 09:49:49, DPS310, P, 98989.84
25/02/2022 09:49:50, DPS310, P, 98989.52
25/02/2022 09:49:51, DPS310, P, 98989.54
25/02/2022 09:49:51, DPS310, P, 98989.80
25/02/2022 09:49:51, DPS310, P, 98989.77
25/02/2022 09:49:51, DPS310, P, 98989.65
25/02/2022 09:49:51, DPS310, P, 98989.28
25/02/2022 09:49:52, DPS310, P, 98989.31
25/02/2022 09:49:52, DPS310, P, 98989.47
25/02/2022 09:49:52, DPS310, P, 98989.73
25/02/2022 09:49:52, DPS310, P, 98989.65
25/02/2022 09:49:52, DPS310, P, 98989.42
25/02/2022 09:49:53, DPS310, P, 98989.66
25/02/2022 09:49:53, DPS310, P, 98989.75
25/02/2022 09:49:53, DPS310, P, 98989.71
25/02/2022 09:49:53, DPS310, P, 98989.71
25/02/2022 09:49:53, DPS310, P, 98989.53
25/02/2022 09:49:54, DPS310, P, 98989.98
25/02/2022 09:49:54, DPS310, P, 98989.84
25/02/2022 09:49:54, DPS310, P, 98989.60
25/02/2022 09:49:54, DPS310, P, 98989.95
25/02/2022 09:49:55, DPS310, P, 98989.64
25/02/2022 09:49:55, DPS310, P, 98989.25
25/02/2022 09:49:56, DPS310, P, 98989.71
25/02/2022 09:49:56, DPS310, P, 98989.53
25/02/2022 09:49:56, DPS310, P, 98989.91
25/02/2022 09:49:56, DPS310, P, 98989.27
25/02/2022 09:49:56, DPS310, P, 98989.78
25/02/2022 09:49:57, DPS310, P, 98989.32
25/02/2022 09:49:57, DPS310, P, 98990.01
25/02/2022 09:49:57, DPS310, P, 98989.67
25/02/2022 09:49:57, DPS310, P, 98990.02
25/02/2022 09:49:57, DPS310, P, 98990.21
25/02/2022 09:49:58, DPS310, P, 98989.92
25/02/2022 09:49:58, DPS310, P, 98989.73
25/02/2022 09:49:58, DPS310, P, 98989.92
25/02/2022 09:49:58, DPS310, P, 98989.87
25/02/2022 09:49:59, DPS310, P, 98990.24
25/02/2022 09:49:59, DPS310, P, 98989.87
25/02/2022 09:49:59, DPS310, P, 98990.07
25/02/2022 09:49:59, DPS310, P, 98989.99
25/02/2022 09:50:00, DPS310, P, 98990.03
25/02/2022 09:50:00, DPS310, P, 98989.88
25/02/2022 09:50:00, DPS310, P, 98990.11
25/02/2022 09:50:01, DPS310, P, 98989.78
25/02/2022 09:50:01, DPS310, P, 98990.23
25/02/2022 09:50:01, DPS310, P, 98989.99
25/02/2022 09:50:01, DPS310, P, 98989.85
25/02/2022 09:50:01, DPS310, P, 98990.00
25/02/2022 09:50:02, DPS310, P, 98990.04
25/02/2022 09:50:02, DPS310, P, 98989.89
25/02/2022 09:50:02, DPS310, P, 98990.01
25/02/2022 09:50:02, DPS310, P, 98990.09
25/02/2022 09:50:03, DPS310, P, 98989.75
25/02/2022 09:50:03, DPS310, P, 98989.35
25/02/2022 09:50:03, DPS310, P, 98989.55
25/02/2022 09:50:03, DPS310, P, 98989.39
25/02/2022 09:50:04, DPS310, P, 98989.68
25/02/2022 09:50:04, DPS310, P, 98989.57
25/02/2022 09:50:04, DPS310, P, 98989.67
25/02/2022 09:50:04, DPS310, P, 98989.75
25/02/2022 09:50:05, DPS310, P, 98989.46
25/02/2022 09:50:05, DPS310, P, 98989.58
25/02/2022 09:50:05, DPS310, P, 98989.46
25/02/2022 09:50:05, DPS310, P, 98989.64
25/02/2022 09:50:06, DPS310, P, 98989.54
25/02/2022 09:50:06, DPS310, P, 98989.96
25/02/2022 09:50:06, DPS310, P, 98989.60
25/02/2022 09:50:06, DPS310, P, 98989.53
25/02/2022 09:50:07, DPS310, P, 98989.78
25/02/2022 09:50:07, DPS310, P, 98989.39
25/02/2022 09:50:07, DPS310, P, 98989.62
25/02/2022 09:50:07, DPS310, P, 98989.38
25/02/2022 09:50:08, DPS310, P, 98989.69
25/02/2022 09:50:08, DPS310, P, 98989.42
25/02/2022 09:50:08, DPS310, P, 98989.72
25/02/2022 09:50:08, DPS310, P, 98989.32
25/02/2022 09:50:09, DPS310, P, 98989.65
25/02/2022 09:50:09, DPS310, P, 98989.89
25/02/2022 09:50:10, DPS310, P, 98989.88
25/02/2022 09:50:10, DPS310, P, 98990.06
25/02/2022 09:50:10, DPS310, P, 98989.67
25/02/2022 09:50:10, DPS310, P, 98989.58
25/02/2022 09:50:10, DPS310, P, 98989.74
25/02/2022 09:50:10, DPS310, P, 98989.93
25/02/2022 09:50:11, DPS310, P, 98989.92
25/02/2022 09:50:11, DPS310, P, 98989.65
25/02/2022 09:50:11, DPS310, P, 98989.96
25/02/2022 09:50:11, DPS310, P, 98990.03
25/02/2022 09:50:12, DPS310, P, 98990.21
25/02/2022 09:50:12, DPS310, P, 98989.62
25/02/2022 09:50:12, DPS310, P, 98989.65
25/02/2022 09:50:12, DPS310, P, 98989.45
25/02/2022 09:50:13, DPS310, P, 98989.51
25/02/2022 09:50:13, DPS310, P, 98989.58
25/02/2022 09:50:13, DPS310, P, 98989.94
25/02/2022 09:50:13, DPS310, P, 98990.15
25/02/2022 09:50:14, DPS310, P, 98990.34
25/02/2022 09:50:14, DPS310, P, 98989.82
25/02/2022 09:50:14, DPS310, P, 98989.85
25/02/2022 09:50:15, DPS310, P, 98989.84
25/02/2022 09:50:15, DPS310, P, 98989.55
25/02/2022 09:50:15, DPS310, P, 98989.64
25/02/2022 09:50:15, DPS310, P, 98989.53
25/02/2022 09:50:15, DPS310, P, 98989.75
25/02/2022 09:50:16, DPS310, P, 98989.61
25/02/2022 09:50:16, DPS310, P, 98989.46
25/02/2022 09:50:16, DPS310, P, 98989.90
25/02/2022 09:50:16, DPS310, P, 98989.44
25/02/2022 09:50:17, DPS310, P, 98989.82
25/02/2022 09:50:17, DPS310, P, 98989.50
25/02/2022 09:50:18, DPS310, P, 98989.68
25/02/2022 09:50:18, DPS310, P, 98989.78
25/02/2022 09:50:18, DPS310, P, 98989.50
25/02/2022 09:50:18, DPS310, P, 98989.17
25/02/2022 09:50:18, DPS310, P, 98989.63
25/02/2022 09:50:19, DPS310, P, 98989.67
25/02/2022 09:50:19, DPS310, P, 98989.32
25/02/2022 09:50:19, DPS310, P, 98989.32
25/02/2022 09:50:19, DPS310, P, 98989.25
25/02/2022 09:50:19, DPS310, P, 98989.35
25/02/2022 09:50:20, DPS310, P, 98989.53
25/02/2022 09:50:21, DPS310, P, 98989.49
25/02/2022 09:50:21, DPS310, P, 98989.45
25/02/2022 09:50:21, DPS310, P, 98989.80
25/02/2022 09:50:21, DPS310, P, 98989.68
25/02/2022 09:50:21, DPS310, P, 98989.28
25/02/2022 09:50:22, DPS310, P, 98989.62
25/02/2022 09:50:22, DPS310, P, 98989.40
25/02/2022 09:50:22, DPS310, P, 98989.39
25/02/2022 09:50:22, DPS310, P, 98989.54
25/02/2022 09:50:22, DPS310, P, 98989.49
25/02/2022 09:50:23, DPS310, P, 98989.72
25/02/2022 09:50:23, DPS310, P, 98989.64
25/02/2022 09:50:23, DPS310, P, 98989.55
25/02/2022 09:50:23, DPS310, P, 98989.27
25/02/2022 09:50:23, DPS310, P, 98989.46
25/02/2022 09:50:24, DPS310, P, 98989.29
25/02/2022 09:50:24, DPS310, P, 98989.52
25/02/2022 09:50:24, DPS310, P, 98990.03
25/02/2022 09:50:24, DPS310, P, 98989.89
25/02/2022 09:50:25, DPS310, P, 98989.64
25/02/2022 09:50:25, DPS310, P, 98989.80
25/02/2022 09:50:26, DPS310, P, 98989.75
25/02/2022 09:50:26, DPS310, P, 98989.71
25/02/2022 09:50:26, DPS310, P, 98989.72
25/02/2022 09:50:26, DPS310, P, 98989.71
25/02/2022 09:50:26, DPS310, P, 98989.49
25/02/2022 09:50:27, DPS310, P, 98989.67
25/02/2022 09:50:27, DPS310, P, 98988.94
25/02/2022 09:50:27, DPS310, P, 98989.36
25/02/2022 09:50:27, DPS310, P, 98989.40
25/02/2022 09:50:27, DPS310, P, 98989.32
25/02/2022 09:50:28, DPS310, P, 98989.16
25/02/2022 09:50:28, DPS310, P, 98989.10
25/02/2022 09:50:28, DPS310, P, 98989.02
25/02/2022 09:50:28, DPS310, P, 98989.36
25/02/2022 09:50:29, DPS310, P, 98989.27
25/02/2022 09:50:29, DPS310, P, 98989.17
25/02/2022 09:50:29, DPS310, P, 98989.39
25/02/2022 09:50:29, DPS310, P, 98989.69
25/02/2022 09:50:30, DPS310, P, 98989.40
25/02/2022 09:50:30, DPS310, P, 98989.32
25/02/2022 09:50:30, DPS310, P, 98989.29
25/02/2022 09:50:31, DPS310, P, 98989.64
25/02/2022 09:50:31, DPS310, P, 98989.39
25/02/2022 09:50:31, DPS310, P, 98989.74
25/02/2022 09:50:31, DPS310, P, 98989.21
25/02/2022 09:50:31, DPS310, P, 98989.25
25/02/2022 09:50:32, DPS310, P, 98989.10
25/02/2022 09:50:32, DPS310, P, 98989.14
25/02/2022 09:50:32, DPS310, P, 98989.28
25/02/2022 09:50:32, DPS310, P, 98989.50
25/02/2022 09:50:33, DPS310, P, 98989.21
25/02/2022 09:50:33, DPS310, P, 98989.24
25/02/2022 09:50:33, DPS310, P, 98989.42
25/02/2022 09:50:34, DPS310, P, 98989.37
25/02/2022 09:50:34, DPS310, P, 98989.46
25/02/2022 09:50:34, DPS310, P, 98989.42
25/02/2022 09:50:34, DPS310, P, 98989.46
25/02/2022 09:50:34, DPS310, P, 98989.50
25/02/2022 09:50:35, DPS310, P, 98989.71
25/02/2022 09:50:35, DPS310, P, 98989.25
25/02/2022 09:50:35, DPS310, P, 98989.50
25/02/2022 09:50:35, DPS310, P, 98989.16
25/02/2022 09:50:36, DPS310, P, 98989.42
25/02/2022 09:50:36, DPS310, P, 98989.25
25/02/2022 09:50:36, DPS310, P, 98989.32
25/02/2022 09:50:36, DPS310, P, 98989.32
25/02/2022 09:50:37, DPS310, P, 98989.38
25/02/2022 09:50:37, DPS310, P, 98989.21
25/02/2022 09:50:37, DPS310, P, 98989.21
25/02/2022 09:50:37, DPS310, P, 98989.03
25/02/2022 09:50:38, DPS310, P, 98989.71
25/02/2022 09:50:38, DPS310, P, 98989.14
25/02/2022 09:50:38, DPS310, P, 98988.92
25/02/2022 09:50:38, DPS310, P, 98989.10
25/02/2022 09:50:39, DPS310, P, 98989.24
25/02/2022 09:50:39, DPS310, P, 98989.07
25/02/2022 09:50:40, DPS310, P, 98989.06
25/02/2022 09:50:40, DPS310, P, 98989.07
25/02/2022 09:50:40, DPS310, P, 98989.25
25/02/2022 09:50:40, DPS310, P, 98989.32
25/02/2022 09:50:40, DPS310, P, 98989.28
25/02/2022 09:50:40, DPS310, P, 98989.06
25/02/2022 09:50:41, DPS310, P, 98989.09
25/02/2022 09:50:41, DPS310, P, 98988.90
25/02/2022 09:50:41, DPS310, P, 98989.01
25/02/2022 09:50:41, DPS310, P, 98989.03
25/02/2022 09:50:42, DPS310, P, 98989.20
25/02/2022 09:50:42, DPS310, P, 98989.42
25/02/2022 09:50:42, DPS310, P, 98989.37
25/02/2022 09:50:42, DPS310, P, 98989.34
25/02/2022 09:50:43, DPS310, P, 98989.29
25/02/2022 09:50:43, DPS310, P, 98989.21
25/02/2022 09:50:44, DPS310, P, 98989.57
25/02/2022 09:50:44, DPS310, P, 98989.39
25/02/2022 09:50:44, DPS310, P, 98989.42
25/02/2022 09:50:44, DPS310, P, 98989.38
25/02/2022 09:50:44, DPS310, P, 98989.25
25/02/2022 09:50:45, DPS310, P, 98989.42
25/02/2022 09:50:45, DPS310, P, 98989.48
25/02/2022 09:50:45, DPS310, P, 98989.27
25/02/2022 09:50:45, DPS310, P, 98989.38
25/02/2022 09:50:45, DPS310, P, 98989.39
25/02/2022 09:50:46, DPS310, P, 98989.46
25/02/2022 09:50:46, DPS310, P, 98989.50
25/02/2022 09:50:46, DPS310, P, 98989.65
25/02/2022 09:50:46, DPS310, P, 98989.21
25/02/2022 09:50:47, DPS310, P, 98989.96
25/02/2022 09:50:47, DPS310, P, 98989.86
