25/02/2022 09:40:48, OPT3001, L, 92.64
25/02/2022 09:40:49, OPT3001, L, 92.64
25/02/2022 09:40:50, OPT3001, L, 92.00
25/02/2022 09:40:51, OPT3001, L, 92.32
25/02/2022 09:40:52, OPT3001, L, 92.00
25/02/2022 09:40:53, OPT3001, L, 91.04
25/02/2022 09:40:54, OPT3001, L, 92.32
25/02/2022 09:40:55, OPT3001, L, 92.00
25/02/2022 09:40:56, OPT3001, L, 92.00
25/02/2022 09:40:57, OPT3001, L, 92.00
25/02/2022 09:40:58, OPT3001, L, 92.96
25/02/2022 09:40:59, OPT3001, L, 93.28
25/02/2022 09:41:00, OPT3001, L, 93.64
25/02/2022 09:41:01, OPT3001, L, 93.92
25/02/2022 09:41:02, OPT3001, L, 93.64
25/02/2022 09:41:03, OPT3001, L, 93.96
25/02/2022 09:41:04, OPT3001, L, 93.96
25/02/2022 09:41:05, OPT3001, L, 93.96
25/02/2022 09:41:06, OPT3001, L, 93.96
25/02/2022 09:41:07, OPT3001, L, 93.96
25/02/2022 09:41:08, OPT3001, L, 94.92
25/02/2022 09:41:09, OPT3001, L, 94.60
25/02/2022 09:41:10, OPT3001, L, 95.56
25/02/2022 09:41:11, OPT3001, L, 95.56
25/02/2022 09:41:12, OPT3001, L, 96.52
25/02/2022 09:41:13, OPT3001, L, 95.88
25/02/2022 09:41:14, OPT3001, L, 96.52
25/02/2022 09:41:15, OPT3001, L, 96.84
25/02/2022 09:41:16, OPT3001, L, 97.48
25/02/2022 09:41:17, OPT3001, L, 97.80
25/02/2022 09:41:18, OPT3001, L, 97.16
25/02/2022 09:41:19, OPT3001, L, 97.48
25/02/2022 09:41:20, OPT3001, L, 98.76
25/02/2022 09:41:21, OPT3001, L, 99.08
25/02/2022 09:41:22, OPT3001, L, 99.40
25/02/2022 09:41:23, OPT3001, L, 100.04
25/02/2022 09:41:24, OPT3001, L, 100.04
25/02/2022 09:41:25, OPT3001, L, 99.72
25/02/2022 09:41:26, OPT3001, L, 99.40
25/02/2022 09:41:27, OPT3001, L, 99.72
25/02/2022 09:41:28, OPT3001, L, 99.08
25/02/2022 09:41:29, OPT3001, L, 99.72
25/02/2022 09:41:30, OPT3001, L, 99.08
25/02/2022 09:41:31, OPT3001, L, 99.40
25/02/2022 09:41:32, OPT3001, L, 98.76
25/02/2022 09:41:33, OPT3001, L, 99.40
25/02/2022 09:41:34, OPT3001, L, 99.08
25/02/2022 09:41:35, OPT3001, L, 99.08
25/02/2022 09:41:36, OPT3001, L, 99.40
25/02/2022 09:41:37, OPT3001, L, 100.04
25/02/2022 09:41:38, OPT3001, L, 100.04
25/02/2022 09:41:39, OPT3001, L, 100.40
25/02/2022 09:41:40, OPT3001, L, 100.04
25/02/2022 09:41:41, OPT3001, L, 100.08
25/02/2022 09:41:42, OPT3001, L, 100.72
25/02/2022 09:41:43, OPT3001, L, 100.72
25/02/2022 09:41:44, OPT3001, L, 100.08
25/02/2022 09:41:45, OPT3001, L, 101.36
25/02/2022 09:41:46, OPT3001, L, 101.04
25/02/2022 09:41:47, OPT3001, L, 101.04
25/02/2022 09:41:48, OPT3001, L, 101.36
25/02/2022 09:41:49, OPT3001, L, 101.04
25/02/2022 09:41:50, OPT3001, L, 101.68
25/02/2022 09:41:51, OPT3001, L, 101.04
25/02/2022 09:41:52, OPT3001, L, 101.04
25/02/2022 09:41:53, OPT3001, L, 101.04
25/02/2022 09:41:54, OPT3001, L, 101.68
25/02/2022 09:41:55, OPT3001, L, 102.00
25/02/2022 09:41:56, OPT3001, L, 102.00
25/02/2022 09:41:57, OPT3001, L, 101.36
25/02/2022 09:41:58, OPT3001, L, 101.36
25/02/2022 09:41:59, OPT3001, L, 101.68
25/02/2022 09:42:00, OPT3001, L, 100.40
25/02/2022 09:42:01, OPT3001, L, 100.40
25/02/2022 09:42:02, OPT3001, L, 100.36
25/02/2022 09:42:03, OPT3001, L, 101.04
25/02/2022 09:42:04, OPT3001, L, 101.04
25/02/2022 09:42:05, OPT3001, L, 101.36
25/02/2022 09:42:06, OPT3001, L, 102.00
25/02/2022 09:42:07, OPT3001, L, 102.32
25/02/2022 09:42:08, OPT3001, L, 102.64
25/02/2022 09:42:09, OPT3001, L, 102.32
25/02/2022 09:42:10, OPT3001, L, 101.68
25/02/2022 09:42:11, OPT3001, L, 102.32
25/02/2022 09:42:12, OPT3001, L, 102.32
25/02/2022 09:42:13, OPT3001, L, 102.00
25/02/2022 09:42:14, OPT3001, L, 101.68
25/02/2022 09:42:15, OPT3001, L, 101.68
25/02/2022 09:42:16, OPT3001, L, 102.64
25/02/2022 09:42:17, OPT3001, L, 103.92
25/02/2022 09:42:18, OPT3001, L, 100.40
25/02/2022 09:42:19, OPT3001, L, 100.40
25/02/2022 09:42:20, OPT3001, L, 101.68
25/02/2022 09:42:21, OPT3001, L, 100.40
25/02/2022 09:42:22, OPT3001, L, 101.04
25/02/2022 09:42:23, OPT3001, L, 102.32
25/02/2022 09:42:24, OPT3001, L, 102.00
25/02/2022 09:42:25, OPT3001, L, 102.00
25/02/2022 09:42:26, OPT3001, L, 101.04
25/02/2022 09:42:27, OPT3001, L, 101.36
25/02/2022 09:42:28, OPT3001, L, 102.00
25/02/2022 09:42:29, OPT3001, L, 102.96
25/02/2022 09:42:30, OPT3001, L, 101.68
25/02/2022 09:42:31, OPT3001, L, 101.04
25/02/2022 09:42:32, OPT3001, L, 101.04
25/02/2022 09:42:33, OPT3001, L, 100.72
25/02/2022 09:42:34, OPT3001, L, 100.72
25/02/2022 09:42:35, OPT3001, L, 102.00
25/02/2022 09:42:36, OPT3001, L, 101.68
25/02/2022 09:42:37, OPT3001, L, 102.96
25/02/2022 09:42:38, OPT3001, L, 102.64
25/02/2022 09:42:39, OPT3001, L, 102.64
25/02/2022 09:42:40, OPT3001, L, 102.64
25/02/2022 09:42:41, OPT3001, L, 102.96
25/02/2022 09:42:42, OPT3001, L, 102.32
25/02/2022 09:42:43, OPT3001, L, 103.28
25/02/2022 09:42:44, OPT3001, L, 102.96
25/02/2022 09:42:45, OPT3001, L, 102.96
25/02/2022 09:42:46, OPT3001, L, 103.28
25/02/2022 09:42:47, OPT3001, L, 103.60
25/02/2022 09:42:48, OPT3001, L, 103.28
25/02/2022 09:42:49, OPT3001, L, 104.24
25/02/2022 09:42:50, OPT3001, L, 103.28
25/02/2022 09:42:51, OPT3001, L, 103.28
25/02/2022 09:42:52, OPT3001, L, 103.60
25/02/2022 09:42:53, OPT3001, L, 104.24
25/02/2022 09:42:54, OPT3001, L, 104.24
25/02/2022 09:42:55, OPT3001, L, 103.92
25/02/2022 09:42:56, OPT3001, L, 103.60
25/02/2022 09:42:57, OPT3001, L, 104.88
25/02/2022 09:42:58, OPT3001, L, 104.88
25/02/2022 09:42:59, OPT3001, L, 105.52
25/02/2022 09:43:00, OPT3001, L, 104.88
25/02/2022 09:43:01, OPT3001, L, 105.84
25/02/2022 09:43:02, OPT3001, L, 105.84
25/02/2022 09:43:03, OPT3001, L, 104.88
25/02/2022 09:43:04, OPT3001, L, 105.20
25/02/2022 09:43:05, OPT3001, L, 105.20
25/02/2022 09:43:06, OPT3001, L, 106.16
25/02/2022 09:43:07, OPT3001, L, 106.80
25/02/2022 09:43:08, OPT3001, L, 106.84
25/02/2022 09:43:09, OPT3001, L, 106.80
25/02/2022 09:43:10, OPT3001, L, 106.20
25/02/2022 09:43:11, OPT3001, L, 106.52
25/02/2022 09:43:12, OPT3001, L, 106.16
25/02/2022 09:43:13, OPT3001, L, 105.20
25/02/2022 09:43:14, OPT3001, L, 105.52
25/02/2022 09:43:15, OPT3001, L, 106.52
25/02/2022 09:43:16, OPT3001, L, 106.48
25/02/2022 09:43:17, OPT3001, L, 108.12
25/02/2022 09:43:18, OPT3001, L, 106.84
25/02/2022 09:43:19, OPT3001, L, 106.84
25/02/2022 09:43:20, OPT3001, L, 106.16
25/02/2022 09:43:21, OPT3001, L, 107.80
25/02/2022 09:43:22, OPT3001, L, 106.52
25/02/2022 09:43:23, OPT3001, L, 105.84
25/02/2022 09:43:24, OPT3001, L, 107.16
25/02/2022 09:43:25, OPT3001, L, 107.48
25/02/2022 09:43:26, OPT3001, L, 107.16
25/02/2022 09:43:27, OPT3001, L, 106.52
25/02/2022 09:43:28, OPT3001, L, 106.48
25/02/2022 09:43:29, OPT3001, L, 106.48
25/02/2022 09:43:30, OPT3001, L, 106.80
25/02/2022 09:43:31, OPT3001, L, 105.52
25/02/2022 09:43:32, OPT3001, L, 106.20
25/02/2022 09:43:33, OPT3001, L, 107.16
25/02/2022 09:43:34, OPT3001, L, 109.72
25/02/2022 09:43:35, OPT3001, L, 107.80
25/02/2022 09:43:36, OPT3001, L, 111.00
25/02/2022 09:43:37, OPT3001, L, 110.36
25/02/2022 09:43:38, OPT3001, L, 111.04
25/02/2022 09:43:39, OPT3001, L, 112.00
25/02/2022 09:43:40, OPT3001, L, 110.08
25/02/2022 09:43:41, OPT3001, L, 110.04
25/02/2022 09:43:42, OPT3001, L, 109.08
25/02/2022 09:43:43, OPT3001, L, 108.76
25/02/2022 09:43:44, OPT3001, L, 110.36
25/02/2022 09:43:45, OPT3001, L, 110.68
25/02/2022 09:43:46, OPT3001, L, 109.72
25/02/2022 09:43:47, OPT3001, L, 108.76
25/02/2022 09:43:48, OPT3001, L, 108.44
25/02/2022 09:43:49, OPT3001, L, 107.80
25/02/2022 09:43:50, OPT3001, L, 106.84
25/02/2022 09:43:51, OPT3001, L, 105.20
25/02/2022 09:43:52, OPT3001, L, 107.16
25/02/2022 09:43:53, OPT3001, L, 106.52
25/02/2022 09:43:54, OPT3001, L, 107.16
25/02/2022 09:43:55, OPT3001, L, 106.84
25/02/2022 09:43:56, OPT3001, L, 106.52
25/02/2022 09:43:57, OPT3001, L, 104.56
25/02/2022 09:43:58, OPT3001, L, 105.20
25/02/2022 09:43:59, OPT3001, L, 105.84
25/02/2022 09:44:00, OPT3001, L, 107.80
25/02/2022 09:44:01, OPT3001, L, 109.40
25/02/2022 09:44:02, OPT3001, L, 110.36
25/02/2022 09:44:03, OPT3001, L, 108.44
25/02/2022 09:44:04, OPT3001, L, 108.76
25/02/2022 09:44:05, OPT3001, L, 109.08
25/02/2022 09:44:06, OPT3001, L, 110.36
25/02/2022 09:44:07, OPT3001, L, 109.72
25/02/2022 09:44:08, OPT3001, L, 109.40
25/02/2022 09:44:09, OPT3001, L, 110.68
25/02/2022 09:44:10, OPT3001, L, 110.36
25/02/2022 09:44:11, OPT3001, L, 109.72
25/02/2022 09:44:12, OPT3001, L, 109.72
25/02/2022 09:44:13, OPT3001, L, 110.04
25/02/2022 09:44:14, OPT3001, L, 110.36
25/02/2022 09:44:15, OPT3001, L, 112.28
25/02/2022 09:44:16, OPT3001, L, 109.08
25/02/2022 09:44:17, OPT3001, L, 109.72
25/02/2022 09:44:18, OPT3001, L, 108.76
25/02/2022 09:44:19, OPT3001, L, 110.36
25/02/2022 09:44:20, OPT3001, L, 110.04
25/02/2022 09:44:21, OPT3001, L, 111.32
25/02/2022 09:44:22, OPT3001, L, 152.52
25/02/2022 09:44:23, OPT3001, L, 146.72
25/02/2022 09:44:24, OPT3001, L, 153.16
25/02/2022 09:44:25, OPT3001, L, 153.80
25/02/2022 09:44:26, OPT3001, L, 128.40
25/02/2022 09:44:27, OPT3001, L, 131.32
25/02/2022 09:44:28, OPT3001, L, 132.92
25/02/2022 09:44:29, OPT3001, L, 132.92
25/02/2022 09:44:30, OPT3001, L, 132.60
25/02/2022 09:44:31, OPT3001, L, 134.20
25/02/2022 09:44:32, OPT3001, L, 133.88
25/02/2022 09:44:33, OPT3001, L, 134.52
25/02/2022 09:44:34, OPT3001, L, 134.52
25/02/2022 09:44:35, OPT3001, L, 135.48
25/02/2022 09:44:36, OPT3001, L, 136.44
25/02/2022 09:44:37, OPT3001, L, 136.12
25/02/2022 09:44:38, OPT3001, L, 137.08
25/02/2022 09:44:39, OPT3001, L, 137.08
25/02/2022 09:44:40, OPT3001, L, 137.40
25/02/2022 09:44:41, OPT3001, L, 137.72
25/02/2022 09:44:42, OPT3001, L, 138.40
25/02/2022 09:44:43, OPT3001, L, 138.40
25/02/2022 09:44:44, OPT3001, L, 138.72
25/02/2022 09:44:45, OPT3001, L, 139.64
25/02/2022 09:44:46, OPT3001, L, 141.60
25/02/2022 09:44:47, OPT3001, L, 141.60
25/02/2022 09:44:48, OPT3001, L, 142.20
25/02/2022 09:44:49, OPT3001, L, 142.52
25/02/2022 09:44:50, OPT3001, L, 142.88
25/02/2022 09:44:51, OPT3001, L, 143.80
25/02/2022 09:44:52, OPT3001, L, 143.80
25/02/2022 09:44:53, OPT3001, L, 144.44
25/02/2022 09:44:54, OPT3001, L, 145.08
25/02/2022 09:44:55, OPT3001, L, 145.12
25/02/2022 09:44:56, OPT3001, L, 145.76
25/02/2022 09:44:57, OPT3001, L, 145.76
25/02/2022 09:44:58, OPT3001, L, 146.72
25/02/2022 09:44:59, OPT3001, L, 147.68
25/02/2022 09:45:00, OPT3001, L, 148.96
25/02/2022 09:45:01, OPT3001, L, 147.68
25/02/2022 09:45:02, OPT3001, L, 148.96
25/02/2022 09:45:03, OPT3001, L, 150.24
25/02/2022 09:45:04, OPT3001, L, 150.24
25/02/2022 09:45:05, OPT3001, L, 150.56
25/02/2022 09:45:06, OPT3001, L, 150.56
25/02/2022 09:45:07, OPT3001, L, 151.20
25/02/2022 09:45:08, OPT3001, L, 151.20
25/02/2022 09:45:09, OPT3001, L, 151.84
25/02/2022 09:45:10, OPT3001, L, 152.20
25/02/2022 09:45:11, OPT3001, L, 152.84
25/02/2022 09:45:12, OPT3001, L, 154.44
25/02/2022 09:45:13, OPT3001, L, 155.08
25/02/2022 09:45:14, OPT3001, L, 155.72
25/02/2022 09:45:15, OPT3001, L, 154.44
25/02/2022 09:45:16, OPT3001, L, 155.40
25/02/2022 09:45:17, OPT3001, L, 157.00
25/02/2022 09:45:18, OPT3001, L, 158.28
25/02/2022 09:45:19, OPT3001, L, 158.92
25/02/2022 09:45:20, OPT3001, L, 158.92
25/02/2022 09:45:21, OPT3001, L, 160.24
25/02/2022 09:45:22, OPT3001, L, 160.88
25/02/2022 09:45:23, OPT3001, L, 160.56
25/02/2022 09:45:24, OPT3001, L, 161.20
25/02/2022 09:45:25, OPT3001, L, 161.84
25/02/2022 09:45:26, OPT3001, L, 162.16
25/02/2022 09:45:27, OPT3001, L, 162.48
25/02/2022 09:45:28, OPT3001, L, 163.12
25/02/2022 09:45:29, OPT3001, L, 163.44
25/02/2022 09:45:30, OPT3001, L, 164.40
25/02/2022 09:45:31, OPT3001, L, 164.40
25/02/2022 09:45:32, OPT3001, L, 165.36
25/02/2022 09:45:33, OPT3001, L, 165.68
25/02/2022 09:45:34, OPT3001, L, 166.32
25/02/2022 09:45:35, OPT3001, L, 167.36
25/02/2022 09:45:36, OPT3001, L, 167.36
25/02/2022 09:45:37, OPT3001, L, 167.36
25/02/2022 09:45:38, OPT3001, L, 167.68
25/02/2022 09:45:39, OPT3001, L, 168.64
25/02/2022 09:45:40, OPT3001, L, 169.28
25/02/2022 09:45:41, OPT3001, L, 170.24
25/02/2022 09:45:42, OPT3001, L, 171.20
25/02/2022 09:45:43, OPT3001, L, 171.84
25/02/2022 09:45:44, OPT3001, L, 172.16
25/02/2022 09:45:45, OPT3001, L, 172.80
25/02/2022 09:45:46, OPT3001, L, 172.48
25/02/2022 09:45:47, OPT3001, L, 172.80
25/02/2022 09:45:48, OPT3001, L, 172.80
25/02/2022 09:45:49, OPT3001, L, 173.76
25/02/2022 09:45:50, OPT3001, L, 173.44
25/02/2022 09:45:51, OPT3001, L, 173.44
25/02/2022 09:45:52, OPT3001, L, 174.08
25/02/2022 09:45:53, OPT3001, L, 174.40
25/02/2022 09:45:54, OPT3001, L, 174.72
25/02/2022 09:45:55, OPT3001, L, 175.04
25/02/2022 09:45:56, OPT3001, L, 175.04
25/02/2022 09:45:57, OPT3001, L, 175.04
25/02/2022 09:45:58, OPT3001, L, 175.36
25/02/2022 09:45:59, OPT3001, L, 175.68
25/02/2022 09:46:00, OPT3001, L, 176.00
25/02/2022 09:46:01, OPT3001, L, 176.00
25/02/2022 09:46:02, OPT3001, L, 176.64
25/02/2022 09:46:03, OPT3001, L, 176.96
25/02/2022 09:46:04, OPT3001, L, 177.28
25/02/2022 09:46:05, OPT3001, L, 177.28
25/02/2022 09:46:06, OPT3001, L, 177.60
25/02/2022 09:46:07, OPT3001, L, 177.92
25/02/2022 09:46:08, OPT3001, L, 177.92
25/02/2022 09:46:09, OPT3001, L, 177.60
25/02/2022 09:46:10, OPT3001, L, 177.60
25/02/2022 09:46:11, OPT3001, L, 177.60
25/02/2022 09:46:12, OPT3001, L, 178.24
25/02/2022 09:46:13, OPT3001, L, 178.56
25/02/2022 09:46:14, OPT3001, L, 178.88
25/02/2022 09:46:15, OPT3001, L, 178.88
25/02/2022 09:46:16, OPT3001, L, 179.20
25/02/2022 09:46:17, OPT3001, L, 178.56
25/02/2022 09:46:18, OPT3001, L, 178.24
25/02/2022 09:46:19, OPT3001, L, 178.24
25/02/2022 09:46:20, OPT3001, L, 177.60
25/02/2022 09:46:21, OPT3001, L, 177.60
25/02/2022 09:46:22, OPT3001, L, 177.92
25/02/2022 09:46:23, OPT3001, L, 177.92
25/02/2022 09:46:24, OPT3001, L, 176.96
25/02/2022 09:46:25, OPT3001, L, 176.96
25/02/2022 09:46:26, OPT3001, L, 176.96
25/02/2022 09:46:27, OPT3001, L, 176.96
25/02/2022 09:46:28, OPT3001, L, 176.32
25/02/2022 09:46:29, OPT3001, L, 175.36
25/02/2022 09:46:30, OPT3001, L, 175.68
25/02/2022 09:46:31, OPT3001, L, 175.36
25/02/2022 09:46:32, OPT3001, L, 175.68
25/02/2022 09:46:33, OPT3001, L, 175.36
25/02/2022 09:46:34, OPT3001, L, 176.00
25/02/2022 09:46:35, OPT3001, L, 176.96
25/02/2022 09:46:36, OPT3001, L, 176.32
25/02/2022 09:46:37, OPT3001, L, 176.00
25/02/2022 09:46:38, OPT3001, L, 174.72
25/02/2022 09:46:39, OPT3001, L, 174.72
25/02/2022 09:46:40, OPT3001, L, 175.68
25/02/2022 09:46:41, OPT3001, L, 175.68
25/02/2022 09:46:42, OPT3001, L, 176.00
25/02/2022 09:46:43, OPT3001, L, 175.68
25/02/2022 09:46:44, OPT3001, L, 176.64
25/02/2022 09:46:45, OPT3001, L, 177.60
25/02/2022 09:46:46, OPT3001, L, 177.60
25/02/2022 09:46:47, OPT3001, L, 176.32
25/02/2022 09:46:48, OPT3001, L, 175.68
25/02/2022 09:46:49, OPT3001, L, 175.04
25/02/2022 09:46:50, OPT3001, L, 174.40
25/02/2022 09:46:51, OPT3001, L, 175.04
25/02/2022 09:46:52, OPT3001, L, 174.40
25/02/2022 09:46:53, OPT3001, L, 174.08
25/02/2022 09:46:54, OPT3001, L, 174.40
25/02/2022 09:46:55, OPT3001, L, 175.04
25/02/2022 09:46:56, OPT3001, L, 174.08
25/02/2022 09:46:57, OPT3001, L, 174.08
25/02/2022 09:46:58, OPT3001, L, 174.08
25/02/2022 09:46:59, OPT3001, L, 175.36
25/02/2022 09:47:00, OPT3001, L, 174.72
25/02/2022 09:47:01, OPT3001, L, 174.08
25/02/2022 09:47:02, OPT3001, L, 173.44
25/02/2022 09:47:03, OPT3001, L, 173.76
25/02/2022 09:47:04, OPT3001, L, 173.44
25/02/2022 09:47:05, OPT3001, L, 173.76
25/02/2022 09:47:06, OPT3001, L, 173.76
25/02/2022 09:47:07, OPT3001, L, 173.76
25/02/2022 09:47:08, OPT3001, L, 173.44
25/02/2022 09:47:09, OPT3001, L, 173.44
25/02/2022 09:47:10, OPT3001, L, 173.12
25/02/2022 09:47:11, OPT3001, L, 173.12
25/02/2022 09:47:12, OPT3001, L, 172.16
25/02/2022 09:47:13, OPT3001, L, 172.16
25/02/2022 09:47:14, OPT3001, L, 171.84
25/02/2022 09:47:15, OPT3001, L, 171.84
25/02/2022 09:47:16, OPT3001, L, 171.20
25/02/2022 09:47:17, OPT3001, L, 170.56
25/02/2022 09:47:18, OPT3001, L, 169.92
25/02/2022 09:47:19, OPT3001, L, 169.60
25/02/2022 09:47:20, OPT3001, L, 169.60
25/02/2022 09:47:21, OPT3001, L, 169.28
25/02/2022 09:47:22, OPT3001, L, 168.96
25/02/2022 09:47:23, OPT3001, L, 168.32
25/02/2022 09:47:24, OPT3001, L, 167.36
25/02/2022 09:47:25, OPT3001, L, 166.96
25/02/2022 09:47:26, OPT3001, L, 166.96
25/02/2022 09:47:27, OPT3001, L, 166.64
25/02/2022 09:47:28, OPT3001, L, 167.28
25/02/2022 09:47:29, OPT3001, L, 166.72
25/02/2022 09:47:30, OPT3001, L, 167.28
25/02/2022 09:47:31, OPT3001, L, 167.04
25/02/2022 09:47:32, OPT3001, L, 166.64
25/02/2022 09:47:33, OPT3001, L, 166.64
25/02/2022 09:47:34, OPT3001, L, 166.32
25/02/2022 09:47:35, OPT3001, L, 167.28
25/02/2022 09:47:36, OPT3001, L, 168.96
25/02/2022 09:47:37, OPT3001, L, 168.32
25/02/2022 09:47:38, OPT3001, L, 167.04
25/02/2022 09:47:39, OPT3001, L, 167.68
25/02/2022 09:47:40, OPT3001, L, 167.36
25/02/2022 09:47:41, OPT3001, L, 165.68
25/02/2022 09:47:42, OPT3001, L, 163.76
25/02/2022 09:47:43, OPT3001, L, 163.12
25/02/2022 09:47:44, OPT3001, L, 162.48
25/02/2022 09:47:45, OPT3001, L, 162.16
25/02/2022 09:47:46, OPT3001, L, 161.52
25/02/2022 09:47:47, OPT3001, L, 161.52
25/02/2022 09:47:48, OPT3001, L, 161.20
25/02/2022 09:47:49, OPT3001, L, 160.88
25/02/2022 09:47:50, OPT3001, L, 160.56
25/02/2022 09:47:51, OPT3001, L, 160.56
25/02/2022 09:47:52, OPT3001, L, 160.56
25/02/2022 09:47:53, OPT3001, L, 160.56
25/02/2022 09:47:54, OPT3001, L, 160.84
25/02/2022 09:47:55, OPT3001, L, 160.24
25/02/2022 09:47:56, OPT3001, L, 160.84
25/02/2022 09:47:57, OPT3001, L, 160.52
25/02/2022 09:47:58, OPT3001, L, 160.52
25/02/2022 09:47:59, OPT3001, L, 160.52
25/02/2022 09:48:00, OPT3001, L, 160.52
25/02/2022 09:48:01, OPT3001, L, 160.20
25/02/2022 09:48:02, OPT3001, L, 159.88
25/02/2022 09:48:03, OPT3001, L, 159.56
25/02/2022 09:48:04, OPT3001, L, 159.24
25/02/2022 09:48:05, OPT3001, L, 159.24
25/02/2022 09:48:06, OPT3001, L, 159.24
25/02/2022 09:48:07, OPT3001, L, 159.56
25/02/2022 09:48:08, OPT3001, L, 159.24
25/02/2022 09:48:09, OPT3001, L, 158.92
25/02/2022 09:48:10, OPT3001, L, 160.20
25/02/2022 09:48:11, OPT3001, L, 160.52
25/02/2022 09:48:12, OPT3001, L, 158.92
25/02/2022 09:48:13, OPT3001, L, 157.64
25/02/2022 09:48:14, OPT3001, L, 157.00
25/02/2022 09:48:15, OPT3001, L, 156.68
25/02/2022 09:48:16, OPT3001, L, 156.36
25/02/2022 09:48:17, OPT3001, L, 156.36
25/02/2022 09:48:18, OPT3001, L, 157.32
25/02/2022 09:48:19, OPT3001, L, 158.60
25/02/2022 09:48:20, OPT3001, L, 158.60
25/02/2022 09:48:21, OPT3001, L, 161.20
25/02/2022 09:48:22, OPT3001, L, 160.52
25/02/2022 09:48:23, OPT3001, L, 158.92
25/02/2022 09:48:24, OPT3001, L, 157.64
25/02/2022 09:48:25, OPT3001, L, 158.60
25/02/2022 09:48:26, OPT3001, L, 157.96
25/02/2022 09:48:27, OPT3001, L, 158.28
25/02/2022 09:48:28, OPT3001, L, 157.96
25/02/2022 09:48:29, OPT3001, L, 157.64
25/02/2022 09:48:30, OPT3001, L, 157.96
25/02/2022 09:48:31, OPT3001, L, 158.28
25/02/2022 09:48:32, OPT3001, L, 157.32
25/02/2022 09:48:33, OPT3001, L, 157.64
25/02/2022 09:48:34, OPT3001, L, 158.60
25/02/2022 09:48:35, OPT3001, L, 157.64
25/02/2022 09:48:36, OPT3001, L, 157.32
25/02/2022 09:48:37, OPT3001, L, 157.64
25/02/2022 09:48:38, OPT3001, L, 159.24
25/02/2022 09:48:39, OPT3001, L, 159.56
25/02/2022 09:48:40, OPT3001, L, 160.20
25/02/2022 09:48:41, OPT3001, L, 160.52
25/02/2022 09:48:42, OPT3001, L, 160.20
25/02/2022 09:48:43, OPT3001, L, 160.20
25/02/2022 09:48:44, OPT3001, L, 159.88
25/02/2022 09:48:45, OPT3001, L, 159.88
25/02/2022 09:48:46, OPT3001, L, 159.88
25/02/2022 09:48:47, OPT3001, L, 159.88
25/02/2022 09:48:48, OPT3001, L, 159.88
25/02/2022 09:48:49, OPT3001, L, 160.20
25/02/2022 09:48:50, OPT3001, L, 159.24
25/02/2022 09:48:51, OPT3001, L, 157.64
25/02/2022 09:48:52, OPT3001, L, 158.92
25/02/2022 09:48:53, OPT3001, L, 158.92
25/02/2022 09:48:54, OPT3001, L, 158.60
25/02/2022 09:48:55, OPT3001, L, 158.28
25/02/2022 09:48:56, OPT3001, L, 158.28
25/02/2022 09:48:57, OPT3001, L, 157.96
25/02/2022 09:48:58, OPT3001, L, 158.28
25/02/2022 09:48:59, OPT3001, L, 158.60
25/02/2022 09:49:00, OPT3001, L, 159.24
25/02/2022 09:49:01, OPT3001, L, 159.88
25/02/2022 09:49:02, OPT3001, L, 159.88
25/02/2022 09:49:03, OPT3001, L, 160.20
25/02/2022 09:49:04, OPT3001, L, 160.20
25/02/2022 09:49:05, OPT3001, L, 159.24
25/02/2022 09:49:06, OPT3001, L, 159.56
25/02/2022 09:49:07, OPT3001, L, 159.24
25/02/2022 09:49:08, OPT3001, L, 158.92
25/02/2022 09:49:09, OPT3001, L, 158.28
25/02/2022 09:49:10, OPT3001, L, 158.28
25/02/2022 09:49:11, OPT3001, L, 157.96
25/02/2022 09:49:12, OPT3001, L, 157.32
25/02/2022 09:49:13, OPT3001, L, 157.00
25/02/2022 09:49:14, OPT3001, L, 157.00
25/02/2022 09:49:15, OPT3001, L, 157.00
25/02/2022 09:49:16, OPT3001, L, 156.36
25/02/2022 09:49:17, OPT3001, L, 155.72
25/02/2022 09:49:18, OPT3001, L, 156.04
25/02/2022 09:49:19, OPT3001, L, 156.04
25/02/2022 09:49:20, OPT3001, L, 155.72
25/02/2022 09:49:21, OPT3001, L, 155.72
25/02/2022 09:49:22, OPT3001, L, 155.08
25/02/2022 09:49:23, OPT3001, L, 155.40
25/02/2022 09:49:24, OPT3001, L, 155.08
25/02/2022 09:49:25, OPT3001, L, 155.72
25/02/2022 09:49:26, OPT3001, L, 156.04
25/02/2022 09:49:27, OPT3001, L, 156.04
25/02/2022 09:49:28, OPT3001, L, 156.04
25/02/2022 09:49:29, OPT3001, L, 155.08
25/02/2022 09:49:30, OPT3001, L, 155.08
25/02/2022 09:49:31, OPT3001, L, 154.44
25/02/2022 09:49:32, OPT3001, L, 155.08
25/02/2022 09:49:33, OPT3001, L, 155.40
25/02/2022 09:49:34, OPT3001, L, 155.08
25/02/2022 09:49:35, OPT3001, L, 155.72
25/02/2022 09:49:36, OPT3001, L, 156.04
25/02/2022 09:49:37, OPT3001, L, 155.40
25/02/2022 09:49:38, OPT3001, L, 155.40
25/02/2022 09:49:39, OPT3001, L, 154.76
25/02/2022 09:49:40, OPT3001, L, 155.08
25/02/2022 09:49:41, OPT3001, L, 156.36
25/02/2022 09:49:42, OPT3001, L, 156.04
25/02/2022 09:49:43, OPT3001, L, 156.04
25/02/2022 09:49:44, OPT3001, L, 155.72
25/02/2022 09:49:45, OPT3001, L, 155.72
25/02/2022 09:49:46, OPT3001, L, 155.72
25/02/2022 09:49:47, OPT3001, L, 156.04
25/02/2022 09:49:48, OPT3001, L, 156.04
25/02/2022 09:49:49, OPT3001, L, 156.04
25/02/2022 09:49:50, OPT3001, L, 156.04
25/02/2022 09:49:51, OPT3001, L, 155.40
25/02/2022 09:49:52, OPT3001, L, 155.40
25/02/2022 09:49:53, OPT3001, L, 155.40
25/02/2022 09:49:54, OPT3001, L, 155.40
25/02/2022 09:49:55, OPT3001, L, 155.40
25/02/2022 09:49:56, OPT3001, L, 155.40
25/02/2022 09:49:57, OPT3001, L, 155.40
25/02/2022 09:49:58, OPT3001, L, 155.40
25/02/2022 09:49:59, OPT3001, L, 155.40
25/02/2022 09:50:00, OPT3001, L, 156.04
25/02/2022 09:50:01, OPT3001, L, 156.04
25/02/2022 09:50:02, OPT3001, L, 156.04
25/02/2022 09:50:03, OPT3001, L, 155.72
25/02/2022 09:50:04, OPT3001, L, 155.08
25/02/2022 09:50:05, OPT3001, L, 154.16
25/02/2022 09:50:06, OPT3001, L, 154.76
25/02/2022 09:50:07, OPT3001, L, 154.76
25/02/2022 09:50:08, OPT3001, L, 154.76
25/02/2022 09:50:09, OPT3001, L, 155.08
25/02/2022 09:50:10, OPT3001, L, 154.76
25/02/2022 09:50:11, OPT3001, L, 155.08
25/02/2022 09:50:12, OPT3001, L, 155.72
25/02/2022 09:50:13, OPT3001, L, 156.68
25/02/2022 09:50:14, OPT3001, L, 156.68
25/02/2022 09:50:15, OPT3001, L, 155.72
25/02/2022 09:50:16, OPT3001, L, 156.04
25/02/2022 09:50:17, OPT3001, L, 156.68
25/02/2022 09:50:18, OPT3001, L, 156.36
25/02/2022 09:50:19, OPT3001, L, 156.68
25/02/2022 09:50:20, OPT3001, L, 156.36
25/02/2022 09:50:21, OPT3001, L, 156.36
25/02/2022 09:50:22, OPT3001, L, 156.68
25/02/2022 09:50:23, OPT3001, L, 156.36
25/02/2022 09:50:24, OPT3001, L, 157.00
25/02/2022 09:50:25, OPT3001, L, 156.36
25/02/2022 09:50:26, OPT3001, L, 156.04
25/02/2022 09:50:27, OPT3001, L, 156.36
25/02/2022 09:50:28, OPT3001, L, 157.32
25/02/2022 09:50:29, OPT3001, L, 157.64
25/02/2022 09:50:30, OPT3001, L, 157.32
25/02/2022 09:50:31, OPT3001, L, 157.32
25/02/2022 09:50:32, OPT3001, L, 157.96
25/02/2022 09:50:33, OPT3001, L, 158.28
25/02/2022 09:50:34, OPT3001, L, 158.60
25/02/2022 09:50:35, OPT3001, L, 158.60
25/02/2022 09:50:36, OPT3001, L, 158.28
25/02/2022 09:50:37, OPT3001, L, 158.60
25/02/2022 09:50:38, OPT3001, L, 158.92
25/02/2022 09:50:39, OPT3001, L, 158.60
25/02/2022 09:50:40, OPT3001, L, 159.88
25/02/2022 09:50:41, OPT3001, L, 159.56
25/02/2022 09:50:42, OPT3001, L, 160.20
25/02/2022 09:50:43, OPT3001, L, 160.20
25/02/2022 09:50:44, OPT3001, L, 159.88
25/02/2022 09:50:45, OPT3001, L, 159.88
25/02/2022 09:50:46, OPT3001, L, 160.88
25/02/2022 09:50:47, OPT3001, L, 160.56
